Time,Displacement,Force
(s),(mm),(N)
"0.0000","0.0000","0.0800"
"0.0200","0.0000","0.0449"
"0.0400","0.0000","0.0675"
"0.0600","0.0001","0.0231"
"0.0800","0.0002","0.0920"
"0.1000","0.0003","0.1570"
"0.1200","0.0004","0.1581"
"0.1400","0.0004","0.0574"
"0.1600","0.0004","0.0179"
"0.1800","0.0004","0.1027"
"0.2000","0.0005","0.1811"
"0.2200","0.0008","0.2131"
"0.2400","0.0011","0.2245"
"0.2600","0.0016","0.1360"
"0.2800","0.0021","0.1605"
"0.3000","0.0026","0.1105"
"0.3200","0.0030","0.1041"
"0.3400","0.0034","0.1860"
"0.3600","0.0038","0.1740"
"0.3800","0.0042","0.2189"
"0.4000","0.0048","0.2783"
"0.4200","0.0053","0.2175"
"0.4400","0.0058","0.2090"
"0.4600","0.0062","0.2444"
"0.4800","0.0065","0.3096"
"0.5000","0.0068","0.3429"
"0.5200","0.0072","0.3686"
"0.5400","0.0076","0.3788"
"0.5600","0.0081","0.4012"
"0.5800","0.0085","0.4465"
"0.6000","0.0088","0.4362"
"0.6200","0.0092","0.3943"
"0.6400","0.0095","0.5195"
"0.6600","0.0099","0.5334"
"0.6800","0.0103","0.4743"
"0.7000","0.0107","0.4357"
"0.7200","0.0111","0.4452"
"0.7400","0.0113","0.4704"
"0.7600","0.0115","0.4579"
"0.7800","0.0118","0.3766"
"0.8000","0.0120","0.4057"
"0.8200","0.0123","0.4485"
"0.8400","0.0126","0.3256"
"0.8600","0.0129","0.2871"
"0.8800","0.0133","0.3534"
"0.9000","0.0137","0.3895"
"0.9200","0.0140","0.3920"
"0.9400","0.0143","0.4375"
"0.9600","0.0145","0.4712"
"0.9800","0.0148","0.4824"
"1.0000","0.0151","0.5095"
"1.0200","0.0154","0.5071"
"1.0400","0.0159","0.5117"
"1.0600","0.0163","0.5682"
"1.0800","0.0167","0.5960"
"1.1000","0.0171","0.5027"
"1.1200","0.0174","0.4653"
"1.1400","0.0176","0.5903"
"1.1600","0.0179","0.5880"
"1.1800","0.0181","0.6371"
"1.2000","0.0184","0.6866"
"1.2200","0.0188","0.6247"
"1.2400","0.0192","0.5106"
"1.2600","0.0195","0.4890"
"1.2800","0.0199","0.5206"
"1.3000","0.0202","0.5332"
"1.3200","0.0205","0.5775"
"1.3400","0.0209","0.5985"
"1.3600","0.0212","0.6490"
"1.3800","0.0217","0.5975"
"1.4000","0.0221","0.5867"
"1.4200","0.0224","0.5460"
"1.4400","0.0227","0.5617"
"1.4600","0.0230","0.5524"
"1.4800","0.0232","0.5147"
"1.5000","0.0235","0.5268"
"1.5200","0.0238","0.5318"
"1.5400","0.0241","0.5980"
"1.5600","0.0245","0.6236"
"1.5800","0.0249","0.6377"
"1.6000","0.0252","0.6254"
"1.6200","0.0255","0.6292"
"1.6400","0.0258","0.6232"
"1.6600","0.0261","0.6311"
"1.6800","0.0264","0.6631"
"1.7000","0.0267","0.6995"
"1.7200","0.0271","0.5957"
"1.7400","0.0276","0.6029"
"1.7600","0.0280","0.6337"
"1.7800","0.0284","0.7124"
"1.8000","0.0288","0.7186"
"1.8200","0.0290","0.7140"
"1.8400","0.0292","0.6391"
"1.8600","0.0295","0.5224"
"1.8800","0.0298","0.6456"
"1.9000","0.0301","0.6846"
"1.9200","0.0305","0.7084"
"1.9400","0.0309","0.6503"
"1.9600","0.0312","0.6321"
"1.9800","0.0315","0.5634"
"2.0000","0.0319","0.6308"
"2.0200","0.0322","0.6416"
"2.0400","0.0326","0.6453"
"2.0600","0.0330","0.6094"
"2.0800","0.0334","0.6302"
"2.1000","0.0338","0.7127"
"2.1200","0.0341","0.7649"
"2.1400","0.0344","0.7397"
"2.1600","0.0346","0.6638"
"2.1800","0.0349","0.6924"
"2.2000","0.0352","0.7045"
"2.2200","0.0355","0.6856"
"2.2400","0.0359","0.6819"
"2.2600","0.0362","0.7003"
"2.2800","0.0366","0.7697"
"2.3000","0.0370","0.8248"
"2.3200","0.0373","0.7845"
"2.3400","0.0376","0.8114"
"2.3600","0.0378","0.8246"
"2.3800","0.0381","0.8485"
"2.4000","0.0385","0.8212"
"2.4200","0.0389","0.8791"
"2.4400","0.0394","0.8324"
"2.4600","0.0399","0.8149"
"2.4800","0.0402","0.8302"
"2.5000","0.0405","0.8584"
"2.5200","0.0407","0.7820"
"2.5400","0.0409","0.8124"
"2.5600","0.0412","0.7878"
"2.5800","0.0415","0.7984"
"2.6000","0.0418","0.7485"
"2.6200","0.0422","0.7203"
"2.6400","0.0426","0.6816"
"2.6600","0.0429","0.8231"
"2.6800","0.0433","0.8813"
"2.7000","0.0436","0.8268"
"2.7200","0.0439","0.8099"
"2.7400","0.0443","0.8559"
"2.7600","0.0447","0.7453"
"2.7800","0.0451","0.7843"
"2.8000","0.0455","0.8340"
"2.8200","0.0458","0.8760"
"2.8400","0.0460","0.9091"
"2.8600","0.0463","0.9350"
"2.8800","0.0465","0.9201"
"2.9000","0.0468","0.8741"
"2.9200","0.0471","0.9258"
"2.9400","0.0475","0.9358"
"2.9600","0.0479","0.9419"
"2.9800","0.0482","0.9558"
"3.0000","0.0485","0.9498"
"3.0200","0.0488","0.9723"
"3.0400","0.0491","1.0752"
"3.0600","0.0494","1.0431"
"3.0800","0.0497","1.0221"
"3.1000","0.0501","1.0110"
"3.1200","0.0506","1.0281"
"3.1400","0.0511","1.0133"
"3.1600","0.0515","0.9963"
"3.1800","0.0518","1.0160"
"3.2000","0.0520","1.0500"
"3.2200","0.0523","1.0501"
"3.2400","0.0525","1.1498"
"3.2600","0.0528","1.1565"
"3.2800","0.0532","1.0936"
"3.3000","0.0535","1.0790"
"3.3200","0.0539","1.0909"
"3.3400","0.0543","1.0725"
"3.3600","0.0546","1.0998"
"3.3800","0.0549","1.0933"
"3.4000","0.0552","1.0631"
"3.4200","0.0556","1.0590"
"3.4400","0.0560","1.1282"
"3.4600","0.0564","1.1731"
"3.4800","0.0568","1.2337"
"3.5000","0.0571","1.2571"
"3.5200","0.0574","1.2557"
"3.5400","0.0576","1.3120"
"3.5600","0.0579","1.3606"
"3.5800","0.0582","1.3603"
"3.6000","0.0585","1.3474"
"3.6200","0.0589","1.3602"
"3.6400","0.0593","1.4215"
"3.6600","0.0596","1.4721"
"3.6800","0.0600","1.5026"
"3.7000","0.0603","1.5335"
"3.7200","0.0605","1.5739"
"3.7400","0.0608","1.6151"
"3.7600","0.0611","1.6270"
"3.7800","0.0614","1.6627"
"3.8000","0.0618","1.6306"
"3.8200","0.0623","1.6849"
"3.8400","0.0627","1.6707"
"3.8600","0.0631","1.7027"
"3.8800","0.0633","1.7995"
"3.9000","0.0636","1.8512"
"3.9200","0.0638","1.8088"
"3.9400","0.0641","1.8748"
"3.9600","0.0644","1.9578"
"3.9800","0.0648","1.9441"
"4.0000","0.0652","1.9956"
"4.0200","0.0656","2.0434"
"4.0400","0.0659","2.1313"
"4.0600","0.0662","2.1939"
"4.0800","0.0665","2.3387"
"4.1000","0.0669","2.3771"
"4.1200","0.0673","2.4163"
"4.1400","0.0677","2.3697"
"4.1600","0.0681","2.4179"
"4.1800","0.0685","2.4909"
"4.2000","0.0687","2.4880"
"4.2200","0.0690","2.5657"
"4.2400","0.0692","2.6459"
"4.2600","0.0695","2.7117"
"4.2800","0.0698","2.8447"
"4.3000","0.0702","2.8679"
"4.3200","0.0705","2.8224"
"4.3400","0.0709","3.0241"
"4.3600","0.0713","3.1249"
"4.3800","0.0716","3.1854"
"4.4000","0.0719","3.1720"
"4.4200","0.0722","3.1519"
"4.4400","0.0725","3.1887"
"4.4600","0.0728","3.1036"
"4.4800","0.0732","3.0673"
"4.5000","0.0737","3.1610"
"4.5200","0.0741","3.1684"
"4.5400","0.0745","3.1032"
"4.5600","0.0748","3.0718"
"4.5800","0.0750","3.0918"
"4.6000","0.0752","3.0664"
"4.6200","0.0755","3.0579"
"4.6400","0.0758","3.0392"
"4.6600","0.0761","3.0639"
"4.6800","0.0765","3.1179"
"4.7000","0.0769","3.1408"
"4.7200","0.0772","3.2156"
"4.7400","0.0775","3.1303"
"4.7600","0.0779","3.1772"
"4.7800","0.0782","3.1677"
"4.8000","0.0786","3.1710"
"4.8200","0.0789","3.2280"
"4.8400","0.0793","3.2362"
"4.8600","0.0797","3.2245"
"4.8800","0.0800","3.2131"
"4.9000","0.0803","3.2234"
"4.9200","0.0806","3.2295"
"4.9400","0.0808","3.2294"
"4.9600","0.0811","3.2590"
"4.9800","0.0814","3.3009"
"5.0000","0.0818","3.3062"
"5.0200","0.0822","3.2724"
"5.0400","0.0826","3.2485"
"5.0600","0.0829","3.1549"
"5.0800","0.0832","3.1725"
"5.1000","0.0835","3.2819"
"5.1200","0.0838","3.2459"
"5.1400","0.0841","3.2356"
"5.1600","0.0845","3.2776"
"5.1800","0.0849","3.3206"
"5.2000","0.0854","3.3288"
"5.2200","0.0858","3.3510"
"5.2400","0.0861","3.2499"
"5.2600","0.0864","3.2538"
"5.2800","0.0866","3.2565"
"5.3000","0.0869","3.2994"
"5.3200","0.0872","3.2850"
"5.3400","0.0875","3.2465"
"5.3600","0.0879","3.2605"
"5.3800","0.0882","3.2541"
"5.4000","0.0886","3.3064"
"5.4200","0.0889","3.2593"
"5.4400","0.0892","3.2548"
"5.4600","0.0895","3.3404"
"5.4800","0.0899","3.3460"
"5.5000","0.0903","3.2815"
"5.5200","0.0907","3.2559"
"5.5400","0.0911","3.3412"
"5.5600","0.0914","3.3154"
"5.5800","0.0917","3.2411"
"5.6000","0.0919","3.2822"
"5.6200","0.0922","3.2350"
"5.6400","0.0925","3.2368"
"5.6600","0.0928","3.2572"
"5.6800","0.0931","3.2822"
"5.7000","0.0935","3.3395"
"5.7200","0.0939","3.2825"
"5.7400","0.0943","3.2974"
"5.7600","0.0946","3.2720"
"5.7800","0.0949","3.3389"
"5.8000","0.0951","3.4321"
"5.8200","0.0955","3.4223"
"5.8400","0.0958","3.2964"
"5.8600","0.0963","3.2504"
"5.8800","0.0967","3.2849"
"5.9000","0.0971","3.3020"
"5.9200","0.0975","3.2522"
"5.9400","0.0977","3.2539"
"5.9600","0.0980","3.3256"
"5.9800","0.0982","3.3396"
"6.0000","0.0985","3.3309"
"6.0200","0.0988","3.3392"
"6.0400","0.0992","3.3685"
"6.0600","0.0995","3.2984"
"6.0800","0.0999","3.2921"
"6.1000","0.1003","3.3272"
"6.1200","0.1006","3.3153"
"6.1400","0.1009","3.3069"
"6.1600","0.1013","3.3116"
"6.1800","0.1016","3.3299"
"6.2000","0.1020","3.3828"
"6.2200","0.1024","3.4301"
"6.2400","0.1028","3.4146"
"6.2600","0.1031","3.4291"
"6.2800","0.1033","3.3210"
"6.3000","0.1036","3.2519"
"6.3200","0.1039","3.2389"
"6.3400","0.1042","3.2901"
"6.3600","0.1045","3.3953"
"6.3800","0.1049","3.4467"
"6.4000","0.1052","3.4808"
"6.4200","0.1056","3.3741"
"6.4400","0.1059","3.3242"
"6.4600","0.1062","3.3321"
"6.4800","0.1065","3.3334"
"6.5000","0.1068","3.4509"
"6.5200","0.1071","3.4891"
"6.5400","0.1075","3.4334"
"6.5600","0.1080","3.3565"
"6.5800","0.1085","3.3478"
"6.6000","0.1088","3.4171"
"6.6200","0.1091","3.4804"
"6.6400","0.1094","3.4966"
"6.6600","0.1096","3.4738"
"6.6800","0.1098","3.3422"
"6.7000","0.1101","3.2409"
"6.7200","0.1105","3.3867"
"6.7400","0.1109","3.5157"
"6.7600","0.1112","3.4787"
"6.7800","0.1116","3.4581"
"6.8000","0.1120","3.3616"
"6.8200","0.1123","3.3067"
"6.8400","0.1126","3.3629"
"6.8600","0.1130","3.3402"
"6.8800","0.1133","3.3120"
"6.9000","0.1137","3.4297"
"6.9200","0.1141","3.4365"
"6.9400","0.1144","3.4357"
"6.9600","0.1147","3.3561"
"6.9800","0.1149","3.3282"
"7.0000","0.1152","3.3092"
"7.0200","0.1155","3.3152"
"7.0400","0.1158","3.3713"
"7.0600","0.1161","3.3642"
"7.0800","0.1165","3.3912"
"7.1000","0.1169","3.3460"
"7.1200","0.1172","3.3455"
"7.1400","0.1176","3.3404"
"7.1600","0.1178","3.3311"
"7.1800","0.1181","3.3391"
"7.2000","0.1184","3.3562"
"7.2200","0.1188","3.3127"
"7.2400","0.1193","3.3848"
"7.2600","0.1198","3.4159"
"7.2800","0.1202","3.4162"
"7.3000","0.1205","3.3579"
"7.3200","0.1208","3.3617"
"7.3400","0.1210","3.3743"
"7.3600","0.1212","3.3520"
"7.3800","0.1215","3.3486"
"7.4000","0.1218","3.3956"
"7.4200","0.1222","3.4507"
"7.4400","0.1226","3.4375"
"7.4600","0.1230","3.3702"
"7.4800","0.1233","3.3591"
"7.5000","0.1236","3.3320"
"7.5200","0.1239","3.3412"
"7.5400","0.1243","3.3765"
"7.5600","0.1246","3.4366"
"7.5800","0.1250","3.4531"
"7.6000","0.1254","3.4685"
"7.6200","0.1258","3.4366"
"7.6400","0.1261","3.3735"
"7.6600","0.1263","3.4084"
"7.6800","0.1266","3.3487"
"7.7000","0.1268","3.3786"
"7.7200","0.1271","3.4168"
"7.7400","0.1274","3.4025"
"7.7600","0.1278","3.3875"
"7.7800","0.1282","3.3561"
"7.8000","0.1285","3.4409"
"7.8200","0.1288","3.4683"
"7.8400","0.1291","3.3906"
"7.8600","0.1294","3.4096"
"7.8800","0.1297","3.3789"
"7.9000","0.1300","3.4378"
"7.9200","0.1304","3.5591"
"7.9400","0.1309","3.5381"
"7.9600","0.1314","3.3846"
"7.9800","0.1318","3.3452"
"8.0000","0.1321","3.3969"
"8.0200","0.1323","3.3443"
"8.0400","0.1325","3.3453"
"8.0600","0.1328","3.2244"
"8.0800","0.1331","3.2984"
"8.1000","0.1334","3.3028"
"8.1200","0.1338","3.3779"
"8.1400","0.1342","3.4322"
"8.1600","0.1346","3.4371"
"8.1800","0.1349","3.4439"
"8.2000","0.1352","3.4328"
"8.2200","0.1355","3.5239"
"8.2400","0.1359","3.4957"
"8.2600","0.1363","3.4348"
"8.2800","0.1367","3.3803"
"8.3000","0.1371","3.3558"
"8.3200","0.1374","3.3409"
"8.3400","0.1377","3.3489"
"8.3600","0.1380","3.4007"
"8.3800","0.1382","3.4663"
"8.4000","0.1385","3.4976"
"8.4200","0.1389","3.5436"
"8.4400","0.1392","3.4828"
"8.4600","0.1396","3.4034"
"8.4800","0.1400","3.3831"
"8.5000","0.1403","3.3861"
"8.5200","0.1406","3.3870"
"8.5400","0.1408","3.4282"
"8.5600","0.1411","3.3613"
"8.5800","0.1414","3.3295"
"8.6000","0.1418","3.3708"
"8.6200","0.1422","3.3890"
"8.6400","0.1427","3.4238"
"8.6600","0.1431","3.4857"
"8.6800","0.1435","3.4279"
"8.7000","0.1438","3.3196"
"8.7200","0.1440","3.4016"
"8.7400","0.1442","3.3262"
"8.7600","0.1445","3.3841"
"8.7800","0.1448","3.4786"
"8.8000","0.1452","3.4769"
"8.8200","0.1456","3.4625"
"8.8400","0.1459","3.4193"
"8.8600","0.1463","3.4313"
"8.8800","0.1466","3.3782"
"8.9000","0.1469","3.3937"
"8.9200","0.1472","3.4353"
"8.9400","0.1476","3.4326"
"8.9600","0.1480","3.3379"
"8.9800","0.1484","3.3034"
"9.0000","0.1488","3.3810"
"9.0200","0.1491","3.4458"
"9.0400","0.1493","3.3865"
"9.0600","0.1496","3.4504"
"9.0800","0.1498","3.4480"
"9.1000","0.1501","3.3824"
"9.1200","0.1505","3.4663"
"9.1400","0.1508","3.5234"
"9.1600","0.1512","3.5239"
"9.1800","0.1516","3.4613"
"9.2000","0.1519","3.4707"
"9.2200","0.1522","3.3667"
"9.2400","0.1524","3.3668"
"9.2600","0.1527","3.4351"
"9.2800","0.1531","3.4250"
"9.3000","0.1535","3.4364"
"9.3200","0.1540","3.4295"
"9.3400","0.1544","3.4218"
"9.3600","0.1548","3.4287"
"9.3800","0.1551","3.5582"
"9.4000","0.1553","3.5552"
"9.4200","0.1556","3.5737"
"9.4400","0.1559","3.5203"
"9.4600","0.1562","3.5363"
"9.4800","0.1565","3.4499"
"9.5000","0.1569","3.4089"
"9.5200","0.1573","3.4043"
"9.5400","0.1576","3.4366"
"9.5600","0.1579","3.5034"
"9.5800","0.1582","3.4915"
"9.6000","0.1586","3.3897"
"9.6200","0.1589","3.3871"
"9.6400","0.1593","3.4356"
"9.6600","0.1597","3.4902"
"9.6800","0.1601","3.4669"
"9.7000","0.1604","3.4175"
"9.7200","0.1607","3.4601"
"9.7400","0.1609","3.5037"
"9.7600","0.1612","3.5389"
"9.7800","0.1615","3.5023"
"9.8000","0.1618","3.4852"
"9.8200","0.1622","3.4456"
"9.8400","0.1625","3.4366"
"9.8600","0.1629","3.4306"
"9.8800","0.1632","3.4797"
"9.9000","0.1635","3.5374"
"9.9200","0.1638","3.5300"
"9.9400","0.1641","3.4399"
"9.9600","0.1644","3.3442"
"9.9800","0.1648","3.4141"
"10.0000","0.1652","3.4317"
"10.0200","0.1657","3.4144"
"10.0400","0.1661","3.4395"
"10.0600","0.1664","3.4595"
"10.0800","0.1667","3.4895"
"10.1000","0.1669","3.5128"
"10.1200","0.1672","3.5315"
"10.1400","0.1675","3.4756"
"10.1600","0.1678","3.3858"
"10.1800","0.1682","3.4288"
"10.2000","0.1686","3.4908"
"10.2200","0.1689","3.4847"
"10.2400","0.1693","3.4036"
"10.2600","0.1696","3.4267"
"10.2800","0.1699","3.4024"
"10.3000","0.1702","3.4465"
"10.3200","0.1706","3.4291"
"10.3400","0.1710","3.4766"
"10.3600","0.1714","3.5375"
"10.3800","0.1718","3.4925"
"10.4000","0.1721","3.4656"
"10.4200","0.1723","3.4295"
"10.4400","0.1726","3.4551"
"10.4600","0.1729","3.5193"
"10.4800","0.1732","3.5614"
"10.5000","0.1735","3.5820"
"10.5200","0.1739","3.5287"
"10.5400","0.1742","3.5158"
"10.5600","0.1746","3.4476"
"10.5800","0.1749","3.3748"
"10.6000","0.1752","3.4428"
"10.6200","0.1754","3.5141"
"10.6400","0.1757","3.5399"
"10.6600","0.1761","3.4239"
"10.6800","0.1765","3.4315"
"10.7000","0.1770","3.4352"
"10.7200","0.1774","3.4766"
"10.7400","0.1778","3.5362"
"10.7600","0.1781","3.5575"
"10.7800","0.1783","3.5198"
"10.8000","0.1786","3.4786"
"10.8200","0.1789","3.4870"
"10.8400","0.1792","3.4852"
"10.8600","0.1795","3.5258"
"10.8800","0.1799","3.5216"
"10.9000","0.1803","3.4875"
"10.9200","0.1806","3.4866"
"10.9400","0.1809","3.4615"
"10.9600","0.1812","3.4436"
"10.9800","0.1815","3.4955"
"11.0000","0.1819","3.6327"
"11.0200","0.1823","3.6059"
"11.0400","0.1827","3.5584"
"11.0600","0.1831","3.4621"
"11.0800","0.1834","3.4675"
"11.1000","0.1837","3.5903"
"11.1200","0.1840","3.5329"
"11.1400","0.1842","3.5644"
"11.1600","0.1845","3.6136"
"11.1800","0.1849","3.5342"
"11.2000","0.1852","3.4150"
"11.2200","0.1856","3.4087"
"11.2400","0.1860","3.4859"
"11.2600","0.1863","3.5117"
"11.2800","0.1865","3.5288"
"11.3000","0.1868","3.4901"
"11.3200","0.1871","3.5188"
"11.3400","0.1874","3.5493"
"11.3600","0.1878","3.5738"
"11.3800","0.1882","3.6311"
"11.4000","0.1887","3.5379"
"11.4200","0.1891","3.4349"
"11.4400","0.1894","3.4528"
"11.4600","0.1897","3.5258"
"11.4800","0.1899","3.4908"
"11.5000","0.1902","3.5367"
"11.5200","0.1905","3.6317"
"11.5400","0.1908","3.5982"
"11.5600","0.1912","3.5748"
"11.5800","0.1916","3.6059"
"11.6000","0.1920","3.5514"
"11.6200","0.1923","3.5118"
"11.6400","0.1926","3.4271"
"11.6600","0.1929","3.4499"
"11.6800","0.1932","3.4426"
"11.7000","0.1936","3.5759"
"11.7200","0.1940","3.5878"
"11.7400","0.1944","3.5118"
"11.7600","0.1948","3.4370"
"11.7800","0.1950","3.4343"
"11.8000","0.1953","3.4389"
"11.8200","0.1955","3.5073"
"11.8400","0.1958","3.5181"
"11.8600","0.1962","3.5547"
"11.8800","0.1965","3.5426"
"11.9000","0.1969","3.5425"
"11.9200","0.1973","3.5458"
"11.9400","0.1976","3.6202"
"11.9600","0.1979","3.5666"
"11.9800","0.1982","3.5104"
"12.0000","0.1984","3.4406"
"12.0200","0.1987","3.4161"
"12.0400","0.1991","3.5161"
"12.0600","0.1995","3.5284"
"12.0800","0.2000","3.5910"
"12.1000","0.2004","3.5973"
"12.1200","0.2008","3.6108"
"12.1400","0.2010","3.5116"
"12.1600","0.2013","3.4515"
"12.1800","0.2015","3.5431"
"12.2000","0.2018","3.6064"
"12.2200","0.2021","3.6537"
"12.2400","0.2025","3.6290"
"12.2600","0.2029","3.5204"
"12.2800","0.2033","3.4146"
"12.3000","0.2036","3.4715"
"12.3200","0.2039","3.5546"
"12.3400","0.2042","3.6223"
"12.3600","0.2045","3.6032"
"12.3800","0.2049","3.6011"
"12.4000","0.2053","3.5642"
"12.4200","0.2057","3.5041"
"12.4400","0.2061","3.4415"
"12.4600","0.2064","3.4516"
"12.4800","0.2067","3.5349"
"12.5000","0.2069","3.5336"
"12.5200","0.2072","3.5402"
"12.5400","0.2075","3.5451"
"12.5600","0.2078","3.5316"
"12.5800","0.2082","3.5380"
"12.6000","0.2086","3.5507"
"12.6200","0.2089","3.5269"
"12.6400","0.2093","3.5914"
"12.6600","0.2095","3.6809"
"12.6800","0.2098","3.6197"
"12.7000","0.2101","3.5115"
"12.7200","0.2104","3.4964"
"12.7400","0.2108","3.5970"
"12.7600","0.2112","3.6254"
"12.7800","0.2117","3.6314"
"12.8000","0.2121","3.5438"
"12.8200","0.2124","3.5252"
"12.8400","0.2127","3.5707"
"12.8600","0.2129","3.6101"
"12.8800","0.2132","3.6091"
"12.9000","0.2135","3.5927"
"12.9200","0.2138","3.5454"
"12.9400","0.2142","3.5563"
"12.9600","0.2146","3.5208"
"12.9800","0.2149","3.5621"
"13.0000","0.2152","3.5955"
"13.0200","0.2156","3.6163"
"13.0400","0.2159","3.5410"
"13.0600","0.2162","3.5575"
"13.0800","0.2166","3.6190"
"13.1000","0.2171","3.5404"
"13.1200","0.2175","3.5396"
"13.1400","0.2178","3.5252"
"13.1600","0.2181","3.5782"
"13.1800","0.2183","3.5956"
"13.2000","0.2186","3.5573"
"13.2200","0.2188","3.6162"
"13.2400","0.2191","3.6770"
"13.2600","0.2195","3.6744"
"13.2800","0.2199","3.6807"
"13.3000","0.2203","3.6058"
"13.3200","0.2207","3.5955"
"13.3400","0.2210","3.4940"
"13.3600","0.2212","3.4189"
"13.3800","0.2215","3.4540"
"13.4000","0.2218","3.5479"
"13.4200","0.2221","3.6287"
"13.4400","0.2226","3.6551"
"13.4600","0.2230","3.6011"
"13.4800","0.2234","3.5550"
"13.5000","0.2238","3.6708"
"13.5200","0.2241","3.6506"
"13.5400","0.2243","3.6033"
"13.5600","0.2246","3.5871"
"13.5800","0.2248","3.5454"
"13.6000","0.2251","3.5734"
"13.6200","0.2255","3.5310"
"13.6400","0.2259","3.6487"
"13.6600","0.2263","3.6018"
"13.6800","0.2266","3.6219"
"13.7000","0.2269","3.6582"
"13.7200","0.2272","3.6674"
"13.7400","0.2275","3.6426"
"13.7600","0.2279","3.6252"
"13.7800","0.2284","3.5434"
"13.8000","0.2288","3.4894"
"13.8200","0.2291","3.5889"
"13.8400","0.2294","3.5788"
"13.8600","0.2297","3.5857"
"13.8800","0.2299","3.5914"
"13.9000","0.2302","3.5452"
"13.9200","0.2305","3.5730"
"13.9400","0.2308","3.5231"
"13.9600","0.2312","3.5637"
"13.9800","0.2316","3.5311"
"14.0000","0.2320","3.4712"
"14.0200","0.2323","3.4764"
"14.0400","0.2326","3.5704"
"14.0600","0.2328","3.5882"
"14.0800","0.2331","3.6629"
"14.1000","0.2334","3.6980"
"14.1200","0.2338","3.6388"
"14.1400","0.2343","3.6088"
"14.1600","0.2347","3.6372"
"14.1800","0.2351","3.5944"
"14.2000","0.2354","3.6193"
"14.2200","0.2356","3.6175"
"14.2400","0.2359","3.6378"
"14.2600","0.2362","3.6933"
"14.2800","0.2365","3.7141"
"14.3000","0.2368","3.6869"
"14.3200","0.2372","3.6324"
"14.3400","0.2375","3.6333"
"14.3600","0.2379","3.6137"
"14.3800","0.2382","3.6545"
"14.4000","0.2385","3.8146"
"14.4200","0.2389","3.8531"
"14.4400","0.2392","3.7786"
"14.4600","0.2397","3.6561"
"14.4800","0.2401","3.6570"
"14.5000","0.2404","3.6842"
"14.5200","0.2408","3.7027"
"14.5400","0.2410","3.7123"
"14.5600","0.2413","3.7351"
"14.5800","0.2416","3.7334"
"14.6000","0.2418","3.7848"
"14.6200","0.2422","3.6817"
"14.6400","0.2425","3.6243"
"14.6600","0.2429","3.6746"
"14.6800","0.2433","3.7127"
"14.7000","0.2436","3.6954"
"14.7200","0.2439","3.7021"
"14.7400","0.2442","3.7881"
"14.7600","0.2445","3.8673"
"14.7800","0.2448","3.8537"
"14.8000","0.2452","3.7139"
"14.8200","0.2456","3.7228"
"14.8400","0.2461","3.7662"
"14.8600","0.2465","3.7385"
"14.8800","0.2468","3.6911"
"14.9000","0.2471","3.6726"
"14.9200","0.2473","3.6880"
"14.9400","0.2476","3.7052"
"14.9600","0.2478","3.8045"
"14.9800","0.2482","3.8036"
"15.0000","0.2485","3.7696"
"15.0200","0.2489","3.7751"
"15.0400","0.2492","3.8258"
"15.0600","0.2496","3.7879"
"15.0800","0.2499","3.8133"
"15.1000","0.2502","3.6929"
"15.1200","0.2505","3.6784"
"15.1400","0.2509","3.8243"
"15.1600","0.2514","3.7636"
"15.1800","0.2518","3.7488"
"15.2000","0.2521","3.7693"
"15.2200","0.2524","3.7646"
"15.2400","0.2527","3.6918"
"15.2600","0.2529","3.6906"
"15.2800","0.2532","3.8447"
"15.3000","0.2535","3.9256"
"15.3200","0.2538","3.8736"
"15.3400","0.2542","3.7640"
"15.3600","0.2546","3.7288"
"15.3800","0.2550","3.7027"
"15.4000","0.2553","3.7713"
"15.4200","0.2555","3.8213"
"15.4400","0.2558","3.7786"
"15.4600","0.2561","3.7089"
"15.4800","0.2564","3.6808"
"15.5000","0.2568","3.7063"
"15.5200","0.2573","3.7512"
"15.5400","0.2577","3.7670"
"15.5600","0.2581","3.8397"
"15.5800","0.2584","3.8013"
"15.6000","0.2587","3.7382"
"15.6200","0.2589","3.7345"
"15.6400","0.2592","3.7879"
"15.6600","0.2595","3.7889"
"15.6800","0.2598","3.7947"
"15.7000","0.2602","3.7599"
"15.7200","0.2605","3.7555"
"15.7400","0.2609","3.8338"
"15.7600","0.2612","3.8325"
"15.7800","0.2615","3.8153"
"15.8000","0.2618","3.8065"
"15.8200","0.2622","3.8496"
"15.8400","0.2626","3.8188"
"15.8600","0.2630","3.7976"
"15.8800","0.2634","3.8323"
"15.9000","0.2637","3.8554"
"15.9200","0.2640","3.8258"
"15.9400","0.2643","3.8927"
"15.9600","0.2645","3.9174"
"15.9800","0.2648","3.8642"
"16.0000","0.2651","3.7831"
"16.0200","0.2655","3.8024"
"16.0400","0.2659","3.8532"
"16.0600","0.2662","3.8927"
"16.0800","0.2666","3.8922"
"16.1000","0.2669","3.8749"
"16.1200","0.2671","3.9061"
"16.1400","0.2674","3.9071"
"16.1600","0.2677","3.9276"
"16.1800","0.2681","3.8493"
"16.2000","0.2686","3.7945"
"16.2200","0.2690","3.8239"
"16.2400","0.2695","3.8631"
"16.2600","0.2698","3.8859"
"16.2800","0.2701","3.8977"
"16.3000","0.2703","3.9205"
"16.3200","0.2705","3.9470"
"16.3400","0.2708","3.8726"
"16.3600","0.2711","3.8539"
"16.3800","0.2715","3.8707"
"16.4000","0.2719","3.8953"
"16.4200","0.2722","3.8764"
"16.4400","0.2725","3.9157"
"16.4600","0.2729","3.9055"
"16.4800","0.2732","3.9207"
"16.5000","0.2736","3.8939"
"16.5200","0.2740","3.8593"
"16.5400","0.2744","3.8592"
"16.5600","0.2748","3.8866"
"16.5800","0.2751","3.9323"
"16.6000","0.2754","3.9525"
"16.6200","0.2757","3.9334"
"16.6400","0.2759","3.8720"
"16.6600","0.2762","3.8617"
"16.6800","0.2765","3.8674"
"16.7000","0.2768","3.8617"
"16.7200","0.2772","4.0242"
"16.7400","0.2776","4.0504"
"16.7600","0.2780","3.9182"
"16.7800","0.2783","3.9147"
"16.8000","0.2785","3.9579"
"16.8200","0.2788","3.8602"
"16.8400","0.2791","3.8570"
"16.8600","0.2795","3.8791"
"16.8800","0.2799","3.9352"
"16.9000","0.2803","3.9488"
"16.9200","0.2808","3.9330"
"16.9400","0.2812","3.9557"
"16.9600","0.2815","3.8793"
"16.9800","0.2817","3.8877"
"17.0000","0.2819","3.8587"
"17.0200","0.2822","3.8304"
"17.0400","0.2825","3.8569"
"17.0600","0.2828","3.9032"
"17.0800","0.2832","3.9212"
"17.1000","0.2836","3.9367"
"17.1200","0.2839","3.9222"
"17.1400","0.2842","3.9440"
"17.1600","0.2846","4.0347"
"17.1800","0.2849","3.9754"
"17.2000","0.2853","3.9287"
"17.2200","0.2857","3.8923"
"17.2400","0.2861","3.8888"
"17.2600","0.2865","3.9124"
"17.2800","0.2868","3.9357"
"17.3000","0.2870","3.9724"
"17.3200","0.2873","3.9198"
"17.3400","0.2875","3.9505"
"17.3600","0.2878","4.0031"
"17.3800","0.2882","4.1127"
"17.4000","0.2885","3.9884"
"17.4200","0.2889","3.9542"
"17.4400","0.2893","3.9347"
"17.4600","0.2896","3.9120"
"17.4800","0.2899","4.0197"
"17.5000","0.2902","4.0176"
"17.5200","0.2905","3.9563"
"17.5400","0.2908","3.9637"
"17.5600","0.2912","4.0598"
"17.5800","0.2916","4.0593"
"17.6000","0.2921","3.9376"
"17.6200","0.2925","3.8067"
"17.6400","0.2928","3.8438"
"17.6600","0.2931","3.9444"
"17.6800","0.2933","3.9450"
"17.7000","0.2936","3.9235"
"17.7200","0.2938","4.0034"
"17.7400","0.2942","4.0312"
"17.7600","0.2945","4.0697"
"17.7800","0.2949","4.0752"
"17.8000","0.2952","4.0458"
"17.8200","0.2956","3.9412"
"17.8400","0.2959","3.9738"
"17.8600","0.2962","3.9575"
"17.8800","0.2965","3.9254"
"17.9000","0.2969","3.9406"
"17.9200","0.2973","3.9331"
"17.9400","0.2977","3.9432"
"17.9600","0.2981","4.0006"
"17.9800","0.2984","4.0079"
"18.0000","0.2986","4.0681"
"18.0200","0.2989","4.0615"
"18.0400","0.2991","4.0970"
"18.0600","0.2995","4.1414"
"18.0800","0.2998","4.1997"
"18.1000","0.3002","4.0984"
"18.1200","0.3006","4.0893"
"18.1400","0.3009","3.9967"
"18.1600","0.3013","4.0002"
"18.1800","0.3015","4.0289"
"18.2000","0.3018","3.9691"
"18.2200","0.3021","3.9889"
"18.2400","0.3024","3.9909"
"18.2600","0.3028","4.0000"
"18.2800","0.3033","4.0832"
"18.3000","0.3038","4.1114"
"18.3200","0.3041","4.0858"
"18.3400","0.3044","4.0522"
"18.3600","0.3047","3.9209"
"18.3800","0.3049","3.9267"
"18.4000","0.3052","4.0156"
"18.4200","0.3055","4.0205"
"18.4400","0.3058","3.9915"
"18.4600","0.3062","4.0080"
"18.4800","0.3066","3.9273"
"18.5000","0.3069","3.9617"
"18.5200","0.3072","4.0512"
"18.5400","0.3075","4.0767"
"18.5600","0.3079","4.0356"
"18.5800","0.3083","4.0339"
"18.6000","0.3086","3.9816"
"18.6200","0.3090","3.9365"
"18.6400","0.3094","3.8866"
"18.6600","0.3097","3.9288"
"18.6800","0.3100","4.0456"
"18.7000","0.3102","4.0572"
"18.7200","0.3105","4.0487"
"18.7400","0.3108","4.0603"
"18.7600","0.3111","4.0941"
"18.7800","0.3115","4.1260"
"18.8000","0.3119","4.1170"
"18.8200","0.3122","4.0577"
"18.8400","0.3126","3.9968"
"18.8600","0.3129","3.9926"
"18.8800","0.3132","3.9461"
"18.9000","0.3135","3.9522"
"18.9200","0.3138","3.9843"
"18.9400","0.3142","3.9777"
"18.9600","0.3146","4.0649"
"18.9800","0.3151","4.1303"
"19.0000","0.3155","4.1286"
"19.0200","0.3158","4.0838"
"19.0400","0.3160","4.1448"
"19.0600","0.3163","4.2190"
"19.0800","0.3165","4.1476"
"19.1000","0.3168","4.0731"
"19.1200","0.3172","4.0110"
"19.1400","0.3175","4.0674"
"19.1600","0.3179","4.1419"
"19.1800","0.3183","4.1563"
"19.2000","0.3186","4.2259"
"19.2200","0.3189","4.1615"
"19.2400","0.3193","4.0794"
"19.2600","0.3196","4.0693"
"19.2800","0.3200","4.1378"
"19.3000","0.3204","4.0512"
"19.3200","0.3208","4.0081"
"19.3400","0.3211","4.0813"
"19.3600","0.3214","4.0914"
"19.3800","0.3216","4.1518"
"19.4000","0.3219","4.2115"
"19.4200","0.3222","4.2493"
"19.4400","0.3225","4.2500"
"19.4600","0.3228","4.2308"
"19.4800","0.3232","4.1880"
"19.5000","0.3236","4.2397"
"19.5200","0.3239","4.1672"
"19.5400","0.3242","4.0843"
"19.5600","0.3245","4.1324"
"19.5800","0.3248","4.1383"
"19.6000","0.3251","4.2263"
"19.6200","0.3254","4.2300"
"19.6400","0.3259","4.2511"
"19.6600","0.3263","4.1536"
"19.6800","0.3267","4.1949"
"19.7000","0.3271","4.1981"
"19.7200","0.3274","4.2221"
"19.7400","0.3276","4.2013"
"19.7600","0.3279","4.2075"
"19.7800","0.3282","4.1394"
"19.8000","0.3285","4.1764"
"19.8200","0.3288","4.2387"
"19.8400","0.3292","4.2169"
"19.8600","0.3295","4.1877"
"19.8800","0.3299","4.2380"
"19.9000","0.3302","4.2820"
"19.9200","0.3305","4.2747"
"19.9400","0.3309","4.1522"
"19.9600","0.3313","4.1493"
"19.9800","0.3317","4.2487"
"20.0000","0.3321","4.2157"
"20.0200","0.3324","4.1115"
"20.0400","0.3327","4.1411"
"20.0600","0.3330","4.2192"
"20.0800","0.3332","4.2158"
"20.1000","0.3335","4.2651"
"20.1200","0.3338","4.2762"
"20.1400","0.3341","4.2323"
"20.1600","0.3345","4.1487"
"20.1800","0.3349","4.1084"
"20.2000","0.3352","4.1660"
"20.2200","0.3356","4.1819"
"20.2400","0.3359","4.1552"
"20.2600","0.3362","4.2417"
"20.2800","0.3365","4.2581"
"20.3000","0.3368","4.2807"
"20.3200","0.3372","4.2543"
"20.3400","0.3377","4.2855"
"20.3600","0.3381","4.2664"
"20.3800","0.3385","4.2539"
"20.4000","0.3388","4.2965"
"20.4200","0.3390","4.2735"
"20.4400","0.3392","4.2577"
"20.4600","0.3395","4.2423"
"20.4800","0.3398","4.1994"
"20.5000","0.3402","4.2601"
"20.5200","0.3405","4.3066"
"20.5400","0.3409","4.3506"
"20.5600","0.3413","4.4022"
"20.5800","0.3416","4.3383"
"20.6000","0.3419","4.1860"
"20.6200","0.3423","4.1101"
"20.6400","0.3426","4.2106"
"20.6600","0.3430","4.3025"
"20.6800","0.3434","4.3322"
"20.7000","0.3438","4.2651"
"20.7200","0.3441","4.2622"
"20.7400","0.3443","4.3168"
"20.7600","0.3446","4.2872"
"20.7800","0.3449","4.2581"
"20.8000","0.3452","4.2884"
"20.8200","0.3455","4.3352"
"20.8400","0.3458","4.3117"
"20.8600","0.3462","4.2958"
"20.8800","0.3466","4.3285"
"20.9000","0.3469","4.3128"
"20.9200","0.3472","4.3072"
"20.9400","0.3475","4.2655"
"20.9600","0.3478","4.3113"
"20.9800","0.3481","4.2843"
"21.0000","0.3485","4.2540"
"21.0200","0.3490","4.2016"
"21.0400","0.3494","4.1688"
"21.0600","0.3498","4.2439"
"21.0800","0.3501","4.3708"
"21.1000","0.3504","4.4225"
"21.1200","0.3506","4.4041"
"21.1400","0.3509","4.3636"
"21.1600","0.3512","4.3450"
"21.1800","0.3515","4.3678"
"21.2000","0.3518","4.3424"
"21.2200","0.3522","4.3289"
"21.2400","0.3526","4.3774"
"21.2600","0.3530","4.3835"
"21.2800","0.3533","4.3768"
"21.3000","0.3536","4.4156"
"21.3200","0.3539","4.3850"
"21.3400","0.3543","4.4555"
"21.3600","0.3547","4.4904"
"21.3800","0.3551","4.4654"
"21.4000","0.3554","4.4342"
"21.4200","0.3557","4.4232"
"21.4400","0.3559","4.4368"
"21.4600","0.3562","4.4436"
"21.4800","0.3565","4.3415"
"21.5000","0.3568","4.3157"
"21.5200","0.3571","4.4040"
"21.5400","0.3575","4.5074"
"21.5600","0.3579","4.3794"
"21.5800","0.3582","4.3394"
"21.6000","0.3585","4.3926"
"21.6200","0.3588","4.4520"
"21.6400","0.3591","4.4973"
"21.6600","0.3594","4.3890"
"21.6800","0.3598","4.3831"
"21.7000","0.3602","4.4422"
"21.7200","0.3607","4.4488"
"21.7400","0.3611","4.4573"
"21.7600","0.3615","4.5110"
"21.7800","0.3618","4.5382"
"21.8000","0.3620","4.4299"
"21.8200","0.3622","4.3717"
"21.8400","0.3625","4.4367"
"21.8600","0.3628","4.4672"
"21.8800","0.3632","4.4539"
"21.9000","0.3636","4.4647"
"21.9200","0.3640","4.5140"
"21.9400","0.3643","4.4598"
"21.9600","0.3646","4.4090"
"21.9800","0.3650","4.3972"
"22.0000","0.3653","4.3714"
"22.0200","0.3656","4.3956"
"22.0400","0.3660","4.4789"
"22.0600","0.3664","4.5687"
"22.0800","0.3668","4.5577"
"22.1000","0.3671","4.5054"
"22.1200","0.3673","4.4486"
"22.1400","0.3676","4.4389"
"22.1600","0.3679","4.4087"
"22.1800","0.3681","4.5378"
"22.2000","0.3685","4.5639"
"22.2200","0.3688","4.3855"
"22.2400","0.3692","4.4102"
"22.2600","0.3695","4.4624"
"22.2800","0.3699","4.3889"
"22.3000","0.3702","4.4413"
"22.3200","0.3704","4.4223"
"22.3400","0.3707","4.4773"
"22.3600","0.3711","4.4677"
"22.3800","0.3715","4.4909"
"22.4000","0.3719","4.5818"
"22.4200","0.3724","4.6289"
"22.4400","0.3728","4.5574"
"22.4600","0.3731","4.4689"
"22.4800","0.3734","4.4918"
"22.5000","0.3736","4.6464"
"22.5200","0.3739","4.6651"
"22.5400","0.3742","4.5672"
"22.5600","0.3745","4.4768"
"22.5800","0.3749","4.4437"
"22.6000","0.3752","4.4757"
"22.6200","0.3756","4.3959"
"22.6400","0.3759","4.4562"
"22.6600","0.3763","4.5845"
"22.6800","0.3766","4.5949"
"22.7000","0.3769","4.5451"
"22.7200","0.3773","4.5691"
"22.7400","0.3777","4.5655"
"22.7600","0.3780","4.5188"
"22.7800","0.3784","4.5587"
"22.8000","0.3787","4.5714"
"22.8200","0.3789","4.4582"
"22.8400","0.3792","4.4889"
"22.8600","0.3795","4.5071"
"22.8800","0.3798","4.5584"
"22.9000","0.3802","4.5443"
"22.9200","0.3805","4.5419"
"22.9400","0.3809","4.6133"
"22.9600","0.3812","4.6190"
"22.9800","0.3815","4.6843"
"23.0000","0.3818","4.5986"
"23.0200","0.3821","4.5882"
"23.0400","0.3824","4.6157"
"23.0600","0.3827","4.6242"
"23.0800","0.3832","4.5305"
"23.1000","0.3836","4.4628"
"23.1200","0.3841","4.4788"
"23.1400","0.3844","4.4968"
"23.1600","0.3847","4.5072"
"23.1800","0.3850","4.5766"
"23.2000","0.3852","4.6022"
"23.2200","0.3855","4.5475"
"23.2400","0.3858","4.5619"
"23.2600","0.3862","4.5890"
"23.2800","0.3865","4.6452"
"23.3000","0.3869","4.6461"
"23.3200","0.3873","4.5694"
"23.3400","0.3876","4.5266"
"23.3600","0.3879","4.5196"
"23.3800","0.3882","4.6356"
"23.4000","0.3886","4.5816"
"23.4200","0.3890","4.5171"
"23.4400","0.3895","4.5870"
"23.4600","0.3898","4.6169"
"23.4800","0.3902","4.6167"
"23.5000","0.3904","4.5444"
"23.5200","0.3907","4.5637"
"23.5400","0.3909","4.6192"
"23.5600","0.3912","4.5954"
"23.5800","0.3916","4.5170"
"23.6000","0.3919","4.4812"
"23.6200","0.3923","4.5456"
"23.6400","0.3927","4.6535"
"23.6600","0.3930","4.6835"
"23.6800","0.3933","4.6429"
"23.7000","0.3935","4.5244"
"23.7200","0.3938","4.5149"
"23.7400","0.3942","4.6027"
"23.7600","0.3946","4.6300"
"23.7800","0.3950","4.6501"
"23.8000","0.3955","4.6818"
"23.8200","0.3958","4.6803"
"23.8400","0.3961","4.6691"
"23.8600","0.3963","4.6406"
"23.8800","0.3966","4.6995"
"23.9000","0.3968","4.6910"
"23.9200","0.3971","4.7096"
"23.9400","0.3974","4.6556"
"23.9600","0.3978","4.5939"
"23.9800","0.3981","4.6992"
"24.0000","0.3985","4.7067"
"24.0200","0.3988","4.7507"
"24.0400","0.3991","4.7408"
"24.0600","0.3994","4.6998"
"24.0800","0.3997","4.7644"
"24.1000","0.4001","4.8213"
"24.1200","0.4005","4.7452"
"24.1400","0.4009","4.7677"
"24.1600","0.4012","4.8591"
"24.1800","0.4015","4.7969"
"24.2000","0.4018","4.7296"
"24.2200","0.4021","4.8609"
"24.2400","0.4024","4.8045"
"24.2600","0.4027","4.7218"
"24.2800","0.4031","4.6573"
"24.3000","0.4035","4.6977"
"24.3200","0.4038","4.6966"
"24.3400","0.4042","4.7201"
"24.3600","0.4045","4.7192"
"24.3800","0.4048","4.6985"
"24.4000","0.4051","4.6567"
"24.4200","0.4055","4.6759"
"24.4400","0.4058","4.7222"
"24.4600","0.4063","4.7822"
"24.4800","0.4068","4.7934"
"24.5000","0.4072","4.7602"
"24.5200","0.4075","4.7346"
"24.5400","0.4078","4.7332"
"24.5600","0.4081","4.7805"
"24.5800","0.4083","4.8149"
"24.6000","0.4086","4.8231"
"24.6200","0.4089","4.7512"
"24.6400","0.4093","4.7116"
"24.6600","0.4097","4.6956"
"24.6800","0.4100","4.6975"
"24.7000","0.4103","4.7798"
"24.7200","0.4106","4.8142"
"24.7400","0.4109","4.7130"
"24.7600","0.4113","4.6845"
"24.7800","0.4117","4.6503"
"24.8000","0.4121","4.6185"
"24.8200","0.4125","4.6391"
"24.8400","0.4129","4.7079"
"24.8600","0.4131","4.7673"
"24.8800","0.4134","4.7759"
"24.9000","0.4136","4.7651"
"24.9200","0.4139","4.7435"
"24.9400","0.4142","4.6419"
"24.9600","0.4145","4.6794"
"24.9800","0.4149","4.7114"
"25.0000","0.4153","4.7145"
"25.0200","0.4156","4.7367"
"25.0400","0.4159","4.8182"
"25.0600","0.4162","4.8318"
"25.0800","0.4164","4.7407"
"25.1000","0.4167","4.7448"
"25.1200","0.4171","4.7321"
"25.1400","0.4175","4.7432"
"25.1600","0.4179","4.7775"
"25.1800","0.4184","4.7355"
"25.2000","0.4188","4.7361"
"25.2200","0.4191","4.7428"
"25.2400","0.4193","4.7289"
"25.2600","0.4196","4.7260"
"25.2800","0.4199","4.6969"
"25.3000","0.4202","4.7163"
"25.3200","0.4205","4.7717"
"25.3400","0.4209","4.8042"
"25.3600","0.4213","4.7321"
"25.3800","0.4216","4.7388"
"25.4000","0.4219","4.6598"
"25.4200","0.4222","4.7907"
"25.4400","0.4225","4.8480"
"25.4600","0.4229","4.7913"
"25.4800","0.4233","4.8591"
"25.5000","0.4237","4.8434"
"25.5200","0.4241","4.7600"
"25.5400","0.4244","4.7067"
"25.5600","0.4247","4.7019"
"25.5800","0.4250","4.7679"
"25.6000","0.4252","4.7921"
"25.6200","0.4255","4.8065"
"25.6400","0.4259","4.7863"
"25.6600","0.4262","4.7517"
"25.6800","0.4266","4.6809"
"25.7000","0.4269","4.7144"
"25.7200","0.4272","4.7450"
"25.7400","0.4275","4.8355"
"25.7600","0.4278","4.8117"
"25.7800","0.4281","4.7807"
"25.8000","0.4284","4.8196"
"25.8200","0.4287","4.7876"
"25.8400","0.4292","4.7642"
"25.8600","0.4296","4.7503"
"25.8800","0.4300","4.7888"
"25.9000","0.4304","4.8502"
"25.9200","0.4307","4.8434"
"25.9400","0.4309","4.8289"
"25.9600","0.4312","4.7434"
"25.9800","0.4315","4.7588"
"26.0000","0.4318","4.7816"
"26.0200","0.4322","4.8599"
"26.0400","0.4326","4.9159"
"26.0600","0.4329","4.8300"
"26.0800","0.4333","4.7884"
"26.1000","0.4336","4.8466"
"26.1200","0.4339","4.8283"
"26.1400","0.4343","4.8298"
"26.1600","0.4346","4.7681"
"26.1800","0.4351","4.8442"
"26.2000","0.4355","4.8703"
"26.2200","0.4358","4.9076"
"26.2400","0.4361","4.8569"
"26.2600","0.4363","4.9083"
"26.2800","0.4366","4.8988"
"26.3000","0.4369","4.7935"
"26.3200","0.4372","4.8122"
"26.3400","0.4375","4.8818"
"26.3600","0.4379","4.9088"
"26.3800","0.4383","4.9445"
"26.4000","0.4386","4.8708"
"26.4200","0.4389","4.8868"
"26.4400","0.4392","4.8494"
"26.4600","0.4395","4.8418"
"26.4800","0.4398","4.8089"
"26.5000","0.4401","4.8393"
"26.5200","0.4405","4.8967"
"26.5400","0.4409","4.9083"
"26.5600","0.4414","4.9264"
"26.5800","0.4418","4.8812"
"26.6000","0.4421","4.8179"
"26.6200","0.4423","4.8695"
"26.6400","0.4425","4.9609"
"26.6600","0.4428","4.9934"
"26.6800","0.4431","4.8822"
"26.7000","0.4435","4.8280"
"26.7200","0.4439","4.7759"
"26.7400","0.4442","4.8055"
"26.7600","0.4446","4.9064"
"26.7800","0.4449","4.9023"
"26.8000","0.4452","4.8726"
"26.8200","0.4455","4.8790"
"26.8400","0.4459","4.8540"
"26.8600","0.4463","4.8078"
"26.8800","0.4467","4.7848"
"26.9000","0.4471","4.8453"
"26.9200","0.4474","4.9932"
"26.9400","0.4477","4.9125"
"26.9600","0.4479","4.8611"
"26.9800","0.4482","4.7786"
"27.0000","0.4485","4.7383"
"27.0200","0.4488","4.8218"
"27.0400","0.4492","4.7932"
"27.0600","0.4496","4.7883"
"27.0800","0.4499","4.8419"
"27.1000","0.4502","4.8209"
"27.1200","0.4505","4.8928"
"27.1400","0.4508","4.9463"
"27.1600","0.4511","4.9463"
"27.1800","0.4514","4.9492"
"27.2000","0.4518","4.8191"
"27.2200","0.4522","4.8269"
"27.2400","0.4527","4.8459"
"27.2600","0.4531","4.9315"
"27.2800","0.4534","4.9758"
"27.3000","0.4537","4.9701"
"27.3200","0.4539","4.8976"
"27.3400","0.4542","4.9297"
"27.3600","0.4545","4.9134"
"27.3800","0.4548","4.9161"
"27.4000","0.4552","4.9360"
"27.4200","0.4556","5.0054"
"27.4400","0.4559","4.9510"
"27.4600","0.4563","4.9875"
"27.4800","0.4566","5.0229"
"27.5000","0.4569","4.9824"
"27.5200","0.4573","4.9707"
"27.5400","0.4576","4.9171"
"27.5600","0.4580","4.9450"
"27.5800","0.4584","4.9931"
"27.6000","0.4588","4.9696"
"27.6200","0.4591","4.9564"
"27.6400","0.4593","4.9657"
"27.6600","0.4596","4.9151"
"27.6800","0.4598","4.8597"
"27.7000","0.4601","4.9405"
"27.7200","0.4605","4.9261"
"27.7400","0.4609","4.8472"
"27.7600","0.4612","4.8440"
"27.7800","0.4616","4.8580"
"27.8000","0.4619","4.8143"
"27.8200","0.4622","4.9101"
"27.8400","0.4625","5.0043"
"27.8600","0.4628","5.0086"
"27.8800","0.4631","5.0228"
"27.9000","0.4635","4.9367"
"27.9200","0.4640","4.9436"
"27.9400","0.4644","4.9789"
"27.9600","0.4648","4.9374"
"27.9800","0.4651","4.9415"
"28.0000","0.4653","4.9397"
"28.0200","0.4656","4.9471"
"28.0400","0.4659","4.9593"
"28.0600","0.4662","5.0017"
"28.0800","0.4665","5.0264"
"28.1000","0.4669","4.9879"
"28.1200","0.4673","4.9807"
"28.1400","0.4676","5.0188"
"28.1600","0.4679","4.9736"
"28.1800","0.4682","4.9978"
"28.2000","0.4686","5.0491"
"28.2200","0.4690","4.9304"
"28.2400","0.4694","4.9540"
"28.2600","0.4698","4.9575"
"28.2800","0.4701","5.0244"
"28.3000","0.4704","5.0476"
"28.3200","0.4707","5.0439"
"28.3400","0.4709","4.9890"
"28.3600","0.4712","4.9901"
"28.3800","0.4715","4.9209"
"28.4000","0.4718","5.0451"
"28.4200","0.4722","5.0029"
"28.4400","0.4726","5.0253"
"28.4600","0.4730","5.0468"
"28.4800","0.4733","5.0692"
"28.5000","0.4736","5.0357"
"28.5200","0.4738","5.0311"
"28.5400","0.4741","5.0850"
"28.5600","0.4745","5.0737"
"28.5800","0.4748","5.0919"
"28.6000","0.4753","5.0496"
"28.6200","0.4757","5.0515"
"28.6400","0.4761","5.0530"
"28.6600","0.4764","4.9811"
"28.6800","0.4767","4.9380"
"28.7000","0.4769","4.9716"
"28.7200","0.4772","5.0126"
"28.7400","0.4775","5.0122"
"28.7600","0.4778","5.0175"
"28.7800","0.4782","5.0173"
"28.8000","0.4786","4.9629"
"28.8200","0.4789","4.9814"
"28.8400","0.4792","5.0741"
"28.8600","0.4796","5.0859"
"28.8800","0.4799","5.0560"
"28.9000","0.4802","5.0697"
"28.9200","0.4806","5.0878"
"28.9400","0.4811","5.0907"
"28.9600","0.4814","5.0122"
"28.9800","0.4818","4.9729"
"29.0000","0.4820","4.9402"
"29.0200","0.4823","5.0266"
"29.0400","0.4826","5.0258"
"29.0600","0.4828","5.0477"
"29.0800","0.4832","5.0350"
"29.1000","0.4835","5.1159"
"29.1200","0.4839","5.1381"
"29.1400","0.4843","5.1234"
"29.1600","0.4846","5.0899"
"29.1800","0.4849","5.0356"
"29.2000","0.4852","5.0247"
"29.2200","0.4855","5.0273"
"29.2400","0.4858","5.1248"
"29.2600","0.4861","5.1717"
"29.2800","0.4866","5.1656"
"29.3000","0.4870","5.0065"
"29.3200","0.4874","5.0354"
"29.3400","0.4878","5.1360"
"29.3600","0.4881","5.1778"
"29.3800","0.4883","5.1257"
"29.4000","0.4886","5.0914"
"29.4200","0.4888","5.0211"
"29.4400","0.4891","5.0341"
"29.4600","0.4895","5.0864"
"29.4800","0.4898","5.1111"
"29.5000","0.4902","5.1477"
"29.5200","0.4905","5.1413"
"29.5400","0.4909","5.1784"
"29.5600","0.4912","5.1921"
"29.5800","0.4915","5.1096"
"29.6000","0.4919","5.1968"
"29.6200","0.4923","5.2524"
"29.6400","0.4927","5.2463"
"29.6600","0.4931","5.2083"
"29.6800","0.4934","5.1930"
"29.7000","0.4937","5.2314"
"29.7200","0.4939","5.2178"
"29.7400","0.4942","5.2691"
"29.7600","0.4945","5.3042"
"29.7800","0.4948","5.2704"
"29.8000","0.4952","5.2108"
"29.8200","0.4956","5.2111"
"29.8400","0.4960","5.2361"
"29.8600","0.4963","5.2378"
"29.8800","0.4966","5.2122"
"29.9000","0.4968","5.2854"
"29.9200","0.4971","5.2961"
"29.9400","0.4974","5.2358"
"29.9600","0.4978","5.2880"
"29.9800","0.4983","5.3273"
"30.0000","0.4987","5.3788"
"30.0200","0.4991","5.4831"
"30.0400","0.4994","5.3864"
"30.0600","0.4997","5.2112"
"30.0800","0.4999","5.2502"
"30.1000","0.5002","5.3034"
"30.1200","0.5005","5.2899"
"30.1400","0.5008","5.2955"
"30.1600","0.5012","5.3339"
"30.1800","0.5015","5.3804"
"30.2000","0.5019","5.3867"
"30.2200","0.5022","5.3793"
"30.2400","0.5025","5.4471"
"30.2600","0.5028","5.4526"
"30.2800","0.5032","5.4017"
"30.3000","0.5036","5.3861"
"30.3200","0.5040","5.3687"
"30.3400","0.5044","5.3767"
"30.3600","0.5048","5.3406"
"30.3800","0.5050","5.3455"
"30.4000","0.5053","5.3746"
"30.4200","0.5055","5.3615"
"30.4400","0.5058","5.3669"
"30.4600","0.5061","5.3855"
"30.4800","0.5065","5.4134"
"30.5000","0.5069","5.4167"
"30.5200","0.5072","5.3531"
"30.5400","0.5076","5.4283"
"30.5600","0.5079","5.4280"
"30.5800","0.5082","5.5281"
"30.6000","0.5084","5.5884"
"30.6200","0.5088","5.5393"
"30.6400","0.5091","5.4471"
"30.6600","0.5096","5.4570"
"30.6800","0.5100","5.5169"
"30.7000","0.5104","5.5368"
"30.7200","0.5108","5.4548"
"30.7400","0.5111","5.5073"
"30.7600","0.5113","5.4701"
"30.7800","0.5116","5.4375"
"30.8000","0.5118","5.4258"
"30.8200","0.5121","5.4881"
"30.8400","0.5125","5.5473"
"30.8600","0.5128","5.5346"
"30.8800","0.5132","5.5001"
"30.9000","0.5136","5.5055"
"30.9200","0.5139","5.5685"
"30.9400","0.5142","5.5410"
"30.9600","0.5146","5.5654"
"30.9800","0.5149","5.5601"
"31.0000","0.5153","5.5493"
"31.0200","0.5158","5.4937"
"31.0400","0.5161","5.4906"
"31.0600","0.5164","5.5649"
"31.0800","0.5167","5.5310"
"31.1000","0.5169","5.4316"
"31.1200","0.5172","5.4935"
"31.1400","0.5175","5.6060"
"31.1600","0.5178","5.5580"
"31.1800","0.5182","5.5839"
"31.2000","0.5186","5.5338"
"31.2200","0.5189","5.5148"
"31.2400","0.5193","5.4940"
"31.2600","0.5196","5.5473"
"31.2800","0.5198","5.5882"
"31.3000","0.5201","5.7168"
"31.3200","0.5204","5.6527"
"31.3400","0.5208","5.5414"
"31.3600","0.5213","5.5406"
"31.3800","0.5218","5.6785"
"31.4000","0.5222","5.7734"
"31.4200","0.5225","5.7286"
"31.4400","0.5227","5.7053"
"31.4600","0.5230","5.6971"
"31.4800","0.5232","5.6510"
"31.5000","0.5235","5.6308"
"31.5200","0.5238","5.5952"
"31.5400","0.5242","5.6420"
"31.5600","0.5246","5.7437"
"31.5800","0.5249","5.6932"
"31.6000","0.5253","5.6747"
"31.6200","0.5256","5.7963"
"31.6400","0.5259","5.8894"
"31.6600","0.5262","5.8544"
"31.6800","0.5266","5.7909"
"31.7000","0.5270","5.7673"
"31.7200","0.5274","5.7817"
"31.7400","0.5278","5.9136"
"31.7600","0.5280","5.8731"
"31.7800","0.5283","5.9237"
"31.8000","0.5285","5.8872"
"31.8200","0.5288","5.9485"
"31.8400","0.5291","5.8153"
"31.8600","0.5295","5.8315"
"31.8800","0.5298","5.8851"
"31.9000","0.5302","5.9073"
"31.9200","0.5306","5.9114"
"31.9400","0.5309","5.9094"
"31.9600","0.5312","5.8675"
"31.9800","0.5314","5.8974"
"32.0000","0.5318","5.9423"
"32.0200","0.5321","5.9603"
"32.0400","0.5326","6.0292"
"32.0600","0.5330","5.9981"
"32.0800","0.5335","5.9358"
"32.1000","0.5338","5.8852"
"32.1200","0.5341","6.0152"
"32.1400","0.5343","5.9862"
"32.1600","0.5346","6.0485"
"32.1800","0.5349","6.0725"
"32.2000","0.5352","6.1427"
"32.2200","0.5355","6.0848"
"32.2400","0.5359","6.0881"
"32.2600","0.5362","6.1415"
"32.2800","0.5366","6.0549"
"32.3000","0.5369","6.0603"
"32.3200","0.5372","6.1400"
"32.3400","0.5375","6.1675"
"32.3600","0.5379","6.1632"
"32.3800","0.5383","6.1940"
"32.4000","0.5388","6.1470"
"32.4200","0.5391","6.1871"
"32.4400","0.5394","6.2050"
"32.4600","0.5397","6.2705"
"32.4800","0.5399","6.3185"
"32.5000","0.5402","6.3125"
"32.5200","0.5405","6.2755"
"32.5400","0.5408","6.2724"
"32.5600","0.5412","6.3322"
"32.5800","0.5416","6.4328"
"32.6000","0.5420","6.4032"
"32.6200","0.5423","6.4351"
"32.6400","0.5426","6.3879"
"32.6600","0.5428","6.3985"
"32.6800","0.5431","6.4294"
"32.7000","0.5435","6.5308"
"32.7200","0.5439","6.6851"
"32.7400","0.5443","6.6581"
"32.7600","0.5448","6.5522"
"32.7800","0.5452","6.6307"
"32.8000","0.5455","6.6333"
"32.8200","0.5457","6.6559"
"32.8400","0.5459","6.6767"
"32.8600","0.5462","6.7312"
"32.8800","0.5465","6.8243"
"32.9000","0.5468","6.7890"
"32.9200","0.5472","6.8240"
"32.9400","0.5476","6.9141"
"32.9600","0.5479","6.9273"
"32.9800","0.5482","6.9201"
"33.0000","0.5485","6.9567"
"33.0200","0.5489","6.9854"
"33.0400","0.5493","7.0430"
"33.0600","0.5496","7.0910"
"33.0800","0.5500","7.1332"
"33.1000","0.5504","7.1748"
"33.1200","0.5507","7.1829"
"33.1400","0.5510","7.2274"
"33.1600","0.5513","7.2337"
"33.1800","0.5515","7.1524"
"33.2000","0.5518","7.1279"
"33.2200","0.5521","7.2238"
"33.2400","0.5525","7.3289"
"33.2600","0.5529","7.3963"
"33.2800","0.5532","7.3861"
"33.3000","0.5536","7.4493"
"33.3200","0.5539","7.4716"
"33.3400","0.5542","7.4578"
"33.3600","0.5545","7.4864"
"33.3800","0.5548","7.4963"
"33.4000","0.5552","7.6069"
"33.4200","0.5556","7.5890"
"33.4400","0.5560","7.6954"
"33.4600","0.5565","7.7738"
"33.4800","0.5568","7.6916"
"33.5000","0.5571","7.6522"
"33.5200","0.5573","7.5941"
"33.5400","0.5576","7.5423"
"33.5600","0.5578","7.5412"
"33.5800","0.5582","7.5937"
"33.6000","0.5585","7.6402"
"33.6200","0.5589","7.7295"
"33.6400","0.5592","7.6388"
"33.6600","0.5596","7.5772"
"33.6800","0.5599","7.6535"
"33.7000","0.5602","7.7002"
"33.7200","0.5606","7.7110"
"33.7400","0.5609","7.7216"
"33.7600","0.5613","7.7217"
"33.7800","0.5617","7.7706"
"33.8000","0.5621","7.7534"
"33.8200","0.5624","7.7352"
"33.8400","0.5626","7.7840"
"33.8600","0.5629","7.7968"
"33.8800","0.5631","7.8316"
"33.9000","0.5634","7.8331"
"33.9200","0.5638","7.8593"
"33.9400","0.5642","7.9909"
"33.9600","0.5645","8.0070"
"33.9800","0.5649","8.0154"
"34.0000","0.5652","7.9743"
"34.0200","0.5655","7.9555"
"34.0400","0.5658","7.8944"
"34.0600","0.5661","8.0188"
"34.0800","0.5664","8.0314"
"34.1000","0.5668","8.0658"
"34.1200","0.5673","8.1359"
"34.1400","0.5677","8.1635"
"34.1600","0.5681","8.1937"
"34.1800","0.5684","8.2795"
"34.2000","0.5687","8.2103"
"34.2200","0.5689","8.1978"
"34.2400","0.5692","8.2212"
"34.2600","0.5695","8.2572"
"34.2800","0.5698","8.3661"
"34.3000","0.5702","8.4901"
"34.3200","0.5706","8.5372"
"34.3400","0.5709","8.5133"
"34.3600","0.5712","8.4884"
"34.3800","0.5716","8.5011"
"34.4000","0.5719","8.5941"
"34.4200","0.5723","8.6504"
"34.4400","0.5727","8.6806"
"34.4600","0.5730","8.7250"
"34.4800","0.5734","8.7520"
"34.5000","0.5737","8.7772"
"34.5200","0.5740","8.7929"
"34.5400","0.5742","8.8129"
"34.5600","0.5745","8.8495"
"34.5800","0.5748","8.8431"
"34.6000","0.5751","8.8812"
"34.6200","0.5755","8.9750"
"34.6400","0.5758","9.0579"
"34.6600","0.5762","9.1077"
"34.6800","0.5766","9.0204"
"34.7000","0.5769","9.0497"
"34.7200","0.5772","9.0000"
"34.7400","0.5775","8.9507"
"34.7600","0.5778","8.9655"
"34.7800","0.5782","9.1457"
"34.8000","0.5786","9.2220"
"34.8200","0.5791","9.2289"
"34.8400","0.5795","9.2119"
"34.8600","0.5798","9.2236"
"34.8800","0.5800","9.2860"
"34.9000","0.5803","9.2379"
"34.9200","0.5805","9.2035"
"34.9400","0.5808","9.2517"
"34.9600","0.5811","9.4303"
"34.9800","0.5815","9.4798"
"35.0000","0.5819","9.4954"
"35.0200","0.5823","9.5231"
"35.0400","0.5826","9.5204"
"35.0600","0.5829","9.5071"
"35.0800","0.5833","9.4985"
"35.1000","0.5836","9.4676"
"35.1200","0.5840","9.6065"
"35.1400","0.5844","9.6322"
"35.1600","0.5848","9.7316"
"35.1800","0.5851","9.8350"
"35.2000","0.5854","9.8308"
"35.2200","0.5856","9.7894"
"35.2400","0.5859","9.8569"
"35.2600","0.5862","9.8899"
"35.2800","0.5865","9.9682"
"35.3000","0.5868","9.9947"
"35.3200","0.5872","10.0720"
"35.3400","0.5876","10.1844"
"35.3600","0.5879","10.1708"
"35.3800","0.5882","10.0952"
"35.4000","0.5885","10.0688"
"35.4200","0.5888","10.0539"
"35.4400","0.5891","10.0788"
"35.4600","0.5895","10.1997"
"35.4800","0.5899","10.2274"
"35.5000","0.5904","10.1753"
"35.5200","0.5908","10.2108"
"35.5400","0.5912","10.2219"
"35.5600","0.5914","10.1102"
"35.5800","0.5916","10.1210"
"35.6000","0.5919","10.0500"
"35.6200","0.5922","10.1310"
"35.6400","0.5925","10.1501"
"35.6600","0.5928","10.2178"
"35.6800","0.5932","10.3148"
"35.7000","0.5936","10.2387"
"35.7200","0.5940","10.2068"
"35.7400","0.5943","10.2009"
"35.7600","0.5946","10.1800"
"35.7800","0.5949","10.1727"
"35.8000","0.5953","10.1758"
"35.8200","0.5957","10.2081"
"35.8400","0.5961","10.2350"
"35.8600","0.5964","10.2705"
"35.8800","0.5967","10.2649"
"35.9000","0.5970","10.3025"
"35.9200","0.5972","10.3240"
"35.9400","0.5975","10.2740"
"35.9600","0.5978","10.3542"
"35.9800","0.5981","10.4173"
"36.0000","0.5985","10.3902"
"36.0200","0.5989","10.3879"
"36.0400","0.5992","10.3104"
"36.0600","0.5996","10.2597"
"36.0800","0.5999","10.3046"
"36.1000","0.6001","10.3524"
"36.1200","0.6004","10.3811"
"36.1400","0.6008","10.4090"
"36.1600","0.6012","10.4731"
"36.1800","0.6017","10.5549"
"36.2000","0.6021","10.5569"
"36.2200","0.6025","10.4907"
"36.2400","0.6028","10.4142"
"36.2600","0.6030","10.3840"
"36.2800","0.6033","10.3171"
"36.3000","0.6035","10.4379"
"36.3200","0.6038","10.4851"
"36.3400","0.6042","10.4932"
"36.3600","0.6045","10.5016"
"36.3800","0.6049","10.5183"
"36.4000","0.6053","10.4944"
"36.4200","0.6056","10.4820"
"36.4400","0.6059","10.5038"
"36.4600","0.6063","10.5489"
"36.4800","0.6066","10.5702"
"36.5000","0.6070","10.5524"
"36.5200","0.6073","10.5070"
"36.5400","0.6077","10.4892"
"36.5600","0.6081","10.4801"
"36.5800","0.6083","10.4626"
"36.6000","0.6086","10.5582"
"36.6200","0.6089","10.6184"
"36.6400","0.6091","10.5046"
"36.6600","0.6094","10.4871"
"36.6800","0.6098","10.5010"
"36.7000","0.6102","10.5826"
"36.7200","0.6105","10.6650"
"36.7400","0.6109","10.5807"
"36.7600","0.6112","10.5477"
"36.7800","0.6114","10.5416"
"36.8000","0.6117","10.6051"
"36.8200","0.6121","10.6205"
"36.8400","0.6124","10.5566"
"36.8600","0.6129","10.4958"
"36.8800","0.6134","10.5031"
"36.9000","0.6138","10.5421"
"36.9200","0.6142","10.4214"
"36.9400","0.6144","10.4215"
"36.9600","0.6147","10.5342"
"36.9800","0.6149","10.6134"
"37.0000","0.6152","10.5802"
"37.0200","0.6155","10.5894"
"37.0400","0.6158","10.6043"
"37.0600","0.6162","10.6158"
"37.0800","0.6166","10.5979"
"37.1000","0.6170","10.5839"
"37.1200","0.6173","10.5506"
"37.1400","0.6176","10.5248"
"37.1600","0.6179","10.4734"
"37.1800","0.6183","10.4724"
"37.2000","0.6187","10.5729"
"37.2200","0.6190","10.6045"
"37.2400","0.6194","10.5206"
"37.2600","0.6197","10.4243"
"37.2800","0.6200","10.4287"
"37.3000","0.6202","10.5125"
"37.3200","0.6205","10.5870"
"37.3400","0.6208","10.6050"
"37.3600","0.6212","10.5133"
"37.3800","0.6215","10.5282"
"37.4000","0.6219","10.6010"
"37.4200","0.6222","10.6102"
"37.4400","0.6225","10.6083"
"37.4600","0.6228","10.6223"
"37.4800","0.6231","10.6137"
"37.5000","0.6234","10.5896"
"37.5200","0.6237","10.5657"
"37.5400","0.6241","10.5984"
"37.5600","0.6246","10.6425"
"37.5800","0.6250","10.6944"
"37.6000","0.6254","10.6456"
"37.6200","0.6258","10.5391"
"37.6400","0.6260","10.4512"
"37.6600","0.6263","10.4599"
"37.6800","0.6265","10.4707"
"37.7000","0.6268","10.4117"
"37.7200","0.6272","10.4530"
"37.7400","0.6275","10.4674"
"37.7600","0.6279","10.4991"
"37.7800","0.6283","10.6321"
"37.8000","0.6286","10.5305"
"37.8200","0.6289","10.5185"
"37.8400","0.6292","10.6068"
"37.8600","0.6296","10.5116"
"37.8800","0.6300","10.4899"
"37.9000","0.6304","10.4641"
"37.9200","0.6308","10.4863"
"37.9400","0.6311","10.4531"
"37.9600","0.6314","10.3952"
"37.9800","0.6316","10.3703"
"38.0000","0.6319","10.3430"
"38.0200","0.6322","10.2946"
"38.0400","0.6325","10.4141"
"38.0600","0.6328","10.4640"
"38.0800","0.6332","10.4871"
"38.1000","0.6335","10.4596"
"38.1200","0.6339","10.4601"
"38.1400","0.6342","10.5149"
"38.1600","0.6345","10.5428"
"38.1800","0.6348","10.5270"
"38.2000","0.6351","10.4685"
"38.2200","0.6355","10.4192"
"38.2400","0.6359","10.4337"
"38.2600","0.6364","10.3758"
"38.2800","0.6368","10.4066"
"38.3000","0.6371","10.4025"
"38.3200","0.6374","10.3309"
"38.3400","0.6376","10.3632"
"38.3600","0.6379","10.4465"
"38.3800","0.6382","10.4484"
"38.4000","0.6385","10.3801"
"38.4200","0.6389","10.3993"
"38.4400","0.6392","10.4013"
"38.4600","0.6396","10.3256"
"38.4800","0.6399","10.4113"
"38.5000","0.6402","10.4506"
"38.5200","0.6406","10.4193"
"38.5400","0.6409","10.3815"
"38.5600","0.6413","10.4073"
"38.5800","0.6417","10.4236"
"38.6000","0.6421","10.3045"
"38.6200","0.6425","10.3195"
"38.6400","0.6427","10.3485"
"38.6600","0.6430","10.3814"
"38.6800","0.6433","10.3603"
"38.7000","0.6435","10.3450"
"38.7200","0.6438","10.3239"
"38.7400","0.6442","10.3460"
"38.7600","0.6446","10.4050"
"38.7800","0.6449","10.3819"
"38.8000","0.6453","10.3015"
"38.8200","0.6456","10.3400"
"38.8400","0.6458","10.3019"
"38.8600","0.6461","10.4026"
"38.8800","0.6464","10.4692"
"38.9000","0.6468","10.4656"
"38.9200","0.6472","10.4149"
"38.9400","0.6476","10.4192"
"38.9600","0.6481","10.4658"
"38.9800","0.6485","10.4178"
"39.0000","0.6487","10.3574"
"39.0200","0.6490","10.3730"
"39.0400","0.6492","10.3836"
"39.0600","0.6495","10.3982"
"39.0800","0.6498","10.3832"
"39.1000","0.6502","10.3801"
"39.1200","0.6506","10.3844"
"39.1400","0.6509","10.3707"
"39.1600","0.6513","10.3695"
"39.1800","0.6516","10.3804"
"39.2000","0.6519","10.3834"
"39.2200","0.6522","10.4246"
"39.2400","0.6526","10.3375"
"39.2600","0.6530","10.2485"
"39.2800","0.6534","10.3567"
"39.3000","0.6538","10.4164"
"39.3200","0.6541","10.4148"
"39.3400","0.6544","10.3763"
"39.3600","0.6546","10.3338"
"39.3800","0.6549","10.3312"
"39.4000","0.6552","10.3129"
"39.4200","0.6555","10.2464"
"39.4400","0.6559","10.2515"
"39.4600","0.6562","10.3422"
"39.4800","0.6566","10.3059"
"39.5000","0.6569","10.3353"
"39.5200","0.6572","10.3744"
"39.5400","0.6575","10.3143"
"39.5600","0.6577","10.2567"
"39.5800","0.6581","10.3040"
"39.6000","0.6585","10.3191"
"39.6200","0.6589","10.2937"
"39.6400","0.6594","10.3439"
"39.6600","0.6598","10.3921"
"39.6800","0.6601","10.3576"
"39.7000","0.6603","10.2729"
"39.7200","0.6606","10.2899"
"39.7400","0.6609","10.3011"
"39.7600","0.6612","10.2613"
"39.7800","0.6615","10.3177"
"39.8000","0.6619","10.3842"
"39.8200","0.6623","10.4555"
"39.8400","0.6626","10.3858"
"39.8600","0.6629","10.3159"
"39.8800","0.6632","10.3265"
"39.9000","0.6635","10.3570"
"39.9200","0.6639","10.3771"
"39.9400","0.6643","10.3351"
"39.9600","0.6647","10.3513"
"39.9800","0.6651","10.3082"
"40.0000","0.6654","10.3134"
"40.0200","0.6657","10.3107"
"40.0400","0.6660","10.3598"
"40.0600","0.6662","10.3663"
"40.0800","0.6665","10.3509"
"40.1000","0.6668","10.4229"
"40.1200","0.6672","10.3311"
"40.1400","0.6676","10.2660"
"40.1600","0.6679","10.3491"
"40.1800","0.6683","10.3853"
"40.2000","0.6686","10.4620"
"40.2200","0.6688","10.4020"
"40.2400","0.6691","10.3296"
"40.2600","0.6694","10.3417"
"40.2800","0.6698","10.2077"
"40.3000","0.6702","10.2108"
"40.3200","0.6706","10.2580"
"40.3400","0.6711","10.3898"
"40.3600","0.6714","10.4848"
"40.3800","0.6717","10.4144"
"40.4000","0.6719","10.4318"
"40.4200","0.6722","10.3846"
"40.4400","0.6725","10.3926"
"40.4600","0.6728","10.3910"
"40.4800","0.6732","10.3927"
"40.5000","0.6736","10.4040"
"40.5200","0.6739","10.4135"
"40.5400","0.6743","10.5099"
"40.5600","0.6746","10.5063"
"40.5800","0.6749","10.4741"
"40.6000","0.6752","10.5049"
"40.6200","0.6756","10.4435"
"40.6400","0.6760","10.4792"
"40.6600","0.6764","10.4595"
"40.6800","0.6768","10.5068"
"40.7000","0.6771","10.5477"
"40.7200","0.6774","10.6191"
"40.7400","0.6776","10.5300"
"40.7600","0.6779","10.6181"
"40.7800","0.6782","10.6790"
"40.8000","0.6785","10.7166"
"40.8200","0.6789","10.6523"
"40.8400","0.6793","10.6508"
"40.8600","0.6796","10.7338"
"40.8800","0.6799","10.7635"
"40.9000","0.6802","10.7272"
"40.9200","0.6805","10.7000"
"40.9400","0.6808","10.7750"
"40.9600","0.6811","10.8781"
"40.9800","0.6815","10.9952"
"41.0000","0.6819","11.1193"
"41.0200","0.6824","11.2019"
"41.0400","0.6828","11.2450"
"41.0600","0.6831","11.2063"
"41.0800","0.6833","11.2379"
"41.1000","0.6836","11.1957"
"41.1200","0.6838","11.2349"
"41.1400","0.6841","11.3895"
"41.1600","0.6845","11.4236"
"41.1800","0.6848","11.4412"
"41.2000","0.6852","11.4573"
"41.2200","0.6856","11.5629"
"41.2400","0.6859","11.5973"
"41.2600","0.6862","11.6968"
"41.2800","0.6865","11.7486"
"41.3000","0.6869","11.7962"
"41.3200","0.6873","11.7959"
"41.3400","0.6877","11.8099"
"41.3600","0.6881","11.9243"
"41.3800","0.6884","11.9637"
"41.4000","0.6887","12.0987"
"41.4200","0.6890","12.1447"
"41.4400","0.6892","12.1591"
"41.4600","0.6895","12.2808"
"41.4800","0.6898","12.3369"
"41.5000","0.6902","12.4292"
"41.5200","0.6906","12.5852"
"41.5400","0.6909","12.6222"
"41.5600","0.6913","12.6797"
"41.5800","0.6916","12.6909"
"41.6000","0.6918","12.6986"
"41.6200","0.6921","12.7824"
"41.6400","0.6924","12.8654"
"41.6600","0.6928","13.0462"
"41.6800","0.6932","13.2455"
"41.7000","0.6937","13.4011"
"41.7200","0.6941","13.4039"
"41.7400","0.6944","13.4642"
"41.7600","0.6947","13.5205"
"41.7800","0.6949","13.6098"
"41.8000","0.6952","13.6183"
"41.8200","0.6955","13.6316"
"41.8400","0.6958","13.7301"
"41.8600","0.6962","13.9548"
"41.8800","0.6965","13.9978"
"41.9000","0.6969","14.1100"
"41.9200","0.6972","14.1978"
"41.9400","0.6976","14.2590"
"41.9600","0.6979","14.3078"
"41.9800","0.6982","14.4656"
"42.0000","0.6986","14.5981"
"42.0200","0.6990","14.7116"
"42.0400","0.6994","14.8494"
"42.0600","0.6998","14.9634"
"42.0800","0.7001","14.9393"
"42.1000","0.7003","14.9784"
"42.1200","0.7006","15.0695"
"42.1400","0.7008","15.2952"
"42.1600","0.7011","15.5047"
"42.1800","0.7015","15.6057"
"42.2000","0.7018","15.6918"
"42.2200","0.7022","15.8554"
"42.2400","0.7026","15.9775"
"42.2600","0.7029","16.1764"
"42.2800","0.7032","16.1738"
"42.3000","0.7035","16.3730"
"42.3200","0.7038","16.5433"
"42.3400","0.7041","16.7546"
"42.3600","0.7045","16.9520"
"42.3800","0.7049","17.2278"
"42.4000","0.7054","17.5188"
"42.4200","0.7058","17.7240"
"42.4400","0.7061","17.8389"
"42.4600","0.7063","17.9874"
"42.4800","0.7066","18.0982"
"42.5000","0.7069","18.3041"
"42.5200","0.7072","18.5232"
"42.5400","0.7075","18.8254"
"42.5600","0.7079","19.1335"
"42.5800","0.7082","19.4375"
"42.6000","0.7086","19.6978"
"42.6200","0.7089","19.9916"
"42.6400","0.7092","20.3168"
"42.6600","0.7095","20.7328"
"42.6800","0.7099","21.1783"
"42.7000","0.7103","21.7948"
"42.7200","0.7107","22.3637"
"42.7400","0.7111","22.7073"
"42.7600","0.7114","22.9318"
"42.7800","0.7117","23.1281"
"42.8000","0.7119","23.4037"
"42.8200","0.7122","23.6897"
"42.8400","0.7125","23.9896"
"42.8600","0.7128","24.4037"
"42.8800","0.7132","24.9162"
"42.9000","0.7136","25.4518"
"42.9200","0.7140","26.0010"
"42.9400","0.7143","26.4094"
"42.9600","0.7146","26.7332"
"42.9800","0.7149","26.9383"
"43.0000","0.7151","27.3357"
"43.0200","0.7155","27.8298"
"43.0400","0.7158","28.3326"
"43.0600","0.7163","29.0276"
"43.0800","0.7167","29.6545"
"43.1000","0.7171","30.2518"
"43.1200","0.7174","30.6736"
"43.1400","0.7177","30.9160"
"43.1600","0.7180","31.1362"
"43.1800","0.7182","31.4444"
"43.2000","0.7185","31.8746"
"43.2200","0.7188","32.3967"
"43.2400","0.7192","32.9738"
"43.2600","0.7196","33.6136"
"43.2800","0.7199","34.1270"
"43.3000","0.7203","34.4928"
"43.3200","0.7206","34.9561"
"43.3400","0.7209","35.4514"
"43.3600","0.7213","36.0420"
"43.3800","0.7216","36.7021"
"43.4000","0.7220","37.3326"
"43.4200","0.7224","37.9261"
"43.4400","0.7228","38.4180"
"43.4600","0.7231","38.7991"
"43.4800","0.7233","39.0306"
"43.5000","0.7236","39.3549"
"43.5200","0.7238","39.7199"
"43.5400","0.7241","40.2382"
"43.5600","0.7245","40.8313"
"43.5800","0.7249","41.4542"
"43.6000","0.7253","42.1166"
"43.6200","0.7256","42.7707"
"43.6400","0.7259","43.1704"
"43.6600","0.7262","43.5240"
"43.6800","0.7265","43.8728"
"43.7000","0.7268","44.3500"
"43.7200","0.7271","44.9590"
"43.7400","0.7275","45.7254"
"43.7600","0.7280","46.6340"
"43.7800","0.7284","47.4829"
"43.8000","0.7288","48.0521"
"43.8200","0.7291","48.4073"
"43.8400","0.7293","48.6871"
"43.8600","0.7296","49.0009"
"43.8800","0.7299","49.3119"
"43.9000","0.7302","49.7156"
"43.9200","0.7305","50.2600"
"43.9400","0.7308","50.9745"
"43.9600","0.7312","51.6459"
"43.9800","0.7316","52.1811"
"44.0000","0.7319","52.7728"
"44.0200","0.7322","53.3182"
"44.0400","0.7325","53.8038"
"44.0600","0.7329","54.4757"
"44.0800","0.7333","55.2148"
"44.1000","0.7337","56.0227"
"44.1200","0.7341","56.7064"
"44.1400","0.7344","57.2000"
"44.1600","0.7347","57.5841"
"44.1800","0.7350","57.9130"
"44.2000","0.7352","58.2072"
"44.2200","0.7355","58.5716"
"44.2400","0.7358","59.0801"
"44.2600","0.7362","59.8259"
"44.2800","0.7366","60.6004"
"44.3000","0.7370","61.2712"
"44.3200","0.7373","61.7546"
"44.3400","0.7376","62.1596"
"44.3600","0.7378","62.5123"
"44.3800","0.7381","63.0074"
"44.4000","0.7384","63.5464"
"44.4200","0.7388","64.2811"
"44.4400","0.7392","65.2249"
"44.4600","0.7397","66.2577"
"44.4800","0.7401","67.0960"
"44.5000","0.7404","67.5216"
"44.5200","0.7407","67.8311"
"44.5400","0.7410","68.1185"
"44.5600","0.7412","68.5050"
"44.5800","0.7415","69.0636"
"44.6000","0.7418","69.6027"
"44.6200","0.7421","70.2939"
"44.6400","0.7425","71.1665"
"44.6600","0.7429","71.9220"
"44.6800","0.7432","72.6046"
"44.7000","0.7435","73.2776"
"44.7200","0.7438","73.9615"
"44.7400","0.7442","74.8504"
"44.7600","0.7446","75.7315"
"44.7800","0.7450","76.6643"
"44.8000","0.7454","77.7065"
"44.8200","0.7458","78.5288"
"44.8400","0.7460","79.0992"
"44.8600","0.7463","79.5033"
"44.8800","0.7465","79.9227"
"44.9000","0.7468","80.4720"
"44.9200","0.7471","81.2103"
"44.9400","0.7475","82.0733"
"44.9600","0.7478","83.0239"
"44.9800","0.7482","83.9831"
"45.0000","0.7486","84.8335"
"45.0200","0.7489","85.5625"
"45.0400","0.7492","86.0760"
"45.0600","0.7495","86.7166"
"45.0800","0.7498","87.5574"
"45.1000","0.7501","88.4067"
"45.1200","0.7505","89.4555"
"45.1400","0.7510","90.7547"
"45.1600","0.7514","91.8903"
"45.1800","0.7518","92.8968"
"45.2000","0.7521","93.6800"
"45.2200","0.7523","94.1730"
"45.2400","0.7526","94.5151"
"45.2600","0.7528","95.0488"
"45.2800","0.7531","95.8255"
"45.3000","0.7535","96.7607"
"45.3200","0.7538","97.8183"
"45.3400","0.7542","98.9077"
"45.3600","0.7545","99.8040"
"45.3800","0.7549","100.5093"
"45.4000","0.7552","101.2931"
"45.4200","0.7555","102.3030"
"45.4400","0.7559","103.4869"
"45.4600","0.7563","104.6215"
"45.4800","0.7567","105.7704"
"45.5000","0.7571","106.8050"
"45.5200","0.7574","107.6025"
"45.5400","0.7577","108.2469"
"45.5600","0.7579","108.8847"
"45.5800","0.7582","109.4957"
"45.6000","0.7585","110.2798"
"45.6200","0.7588","111.1822"
"45.6400","0.7592","112.2806"
"45.6600","0.7596","113.4734"
"45.6800","0.7599","114.4856"
"45.7000","0.7603","115.4252"
"45.7200","0.7606","116.2851"
"45.7400","0.7608","116.9934"
"45.7600","0.7611","117.6699"
"45.7800","0.7614","118.5570"
"45.8000","0.7618","119.7347"
"45.8200","0.7623","121.1659"
"45.8400","0.7627","122.6723"
"45.8600","0.7631","123.9853"
"45.8800","0.7635","125.0083"
"45.9000","0.7638","125.6238"
"45.9200","0.7640","126.2260"
"45.9400","0.7642","126.8290"
"45.9600","0.7645","127.6004"
"45.9800","0.7648","128.6019"
"46.0000","0.7652","129.6255"
"46.0200","0.7656","130.7741"
"46.0400","0.7659","131.9155"
"46.0600","0.7663","132.9530"
"46.0800","0.7666","133.8803"
"46.1000","0.7669","134.9073"
"46.1200","0.7673","135.8776"
"46.1400","0.7676","137.1220"
"46.1600","0.7680","138.5185"
"46.1800","0.7684","139.7968"
"46.2000","0.7688","140.7743"
"46.2200","0.7691","141.5535"
"46.2400","0.7693","142.3072"
"46.2600","0.7696","142.9622"
"46.2800","0.7698","143.8067"
"46.3000","0.7701","144.7231"
"46.3200","0.7705","145.8168"
"46.3400","0.7709","147.0826"
"46.3600","0.7712","148.3584"
"46.3800","0.7716","149.6582"
"46.4000","0.7719","150.5555"
"46.4200","0.7722","151.3707"
"46.4400","0.7725","152.1405"
"46.4600","0.7728","153.0639"
"46.4800","0.7731","154.2063"
"46.5000","0.7735","155.6189"
"46.5200","0.7740","157.3091"
"46.5400","0.7745","158.8570"
"46.5600","0.7748","160.0839"
"46.5800","0.7751","160.9890"
"46.6000","0.7754","161.6208"
"46.6200","0.7756","162.2971"
"46.6400","0.7759","163.1167"
"46.6600","0.7762","164.0788"
"46.6800","0.7765","165.1873"
"46.7000","0.7769","166.3260"
"46.7200","0.7772","167.5045"
"46.7400","0.7776","168.6260"
"46.7600","0.7779","169.5446"
"46.7800","0.7782","170.5376"
"46.8000","0.7785","171.7046"
"46.8200","0.7789","172.9723"
"46.8400","0.7793","174.4285"
"46.8600","0.7797","175.8850"
"46.8800","0.7801","177.1848"
"46.9000","0.7804","178.2630"
"46.9200","0.7807","179.1181"
"46.9400","0.7809","179.8918"
"46.9600","0.7812","180.6817"
"46.9800","0.7815","181.5799"
"47.0000","0.7818","182.6110"
"47.0200","0.7822","183.9467"
"47.0400","0.7826","185.3790"
"47.0600","0.7829","186.6536"
"47.0800","0.7833","187.7923"
"47.1000","0.7836","188.8543"
"47.1200","0.7838","189.6859"
"47.1400","0.7841","190.5814"
"47.1600","0.7845","191.6575"
"47.1800","0.7848","193.0203"
"47.2000","0.7853","194.5867"
"47.2200","0.7857","196.2986"
"47.2400","0.7862","197.7904"
"47.2600","0.7865","198.9284"
"47.2800","0.7867","199.7200"
"47.3000","0.7870","200.4400"
"47.3200","0.7872","201.3084"
"47.3400","0.7875","202.3586"
"47.3600","0.7879","203.4813"
"47.3800","0.7882","204.7160"
"47.4000","0.7886","206.0774"
"47.4200","0.7890","207.3170"
"47.4400","0.7893","208.4495"
"47.4600","0.7896","209.5250"
"47.4800","0.7900","210.6986"
"47.5000","0.7903","212.0247"
"47.5200","0.7907","213.4137"
"47.5400","0.7911","214.8463"
"47.5600","0.7915","216.1315"
"47.5800","0.7918","217.1635"
"47.6000","0.7921","217.9965"
"47.6200","0.7923","218.8250"
"47.6400","0.7926","219.6104"
"47.6600","0.7928","220.4798"
"47.6800","0.7931","221.6034"
"47.7000","0.7935","222.7428"
"47.7200","0.7938","224.0553"
"47.7400","0.7942","225.4407"
"47.7600","0.7946","226.6255"
"47.7800","0.7949","227.6595"
"47.8000","0.7951","228.6159"
"47.8200","0.7954","229.5053"
"47.8400","0.7957","230.4852"
"47.8600","0.7960","231.6037"
"47.8800","0.7964","233.1069"
"47.9000","0.7969","234.7024"
"47.9200","0.7973","236.3360"
"47.9400","0.7977","237.7418"
"47.9600","0.7980","238.7060"
"47.9800","0.7982","239.4406"
"48.0000","0.7985","240.2258"
"48.0200","0.7987","241.1138"
"48.0400","0.7990","242.2783"
"48.0600","0.7994","243.4665"
"48.0800","0.7997","244.8310"
"48.1000","0.8001","246.0839"
"48.1200","0.8005","247.4528"
"48.1400","0.8008","248.7412"
"48.1600","0.8012","249.9731"
"48.1800","0.8015","251.2583"
"48.2000","0.8019","252.7750"
"48.2200","0.8023","254.1912"
"48.2400","0.8027","255.6631"
"48.2600","0.8031","257.0439"
"48.2800","0.8034","258.1607"
"48.3000","0.8037","259.0748"
"48.3200","0.8039","259.9302"
"48.3400","0.8042","260.8888"
"48.3600","0.8045","261.9753"
"48.3800","0.8048","263.2682"
"48.4000","0.8052","264.6280"
"48.4200","0.8056","266.0098"
"48.4400","0.8060","267.3506"
"48.4600","0.8063","268.6382"
"48.4800","0.8066","269.7022"
"48.5000","0.8069","270.5630"
"48.5200","0.8072","271.5958"
"48.5400","0.8075","272.7506"
"48.5600","0.8079","274.3053"
"48.5800","0.8083","276.0772"
"48.6000","0.8088","277.8075"
"48.6200","0.8092","279.2748"
"48.6400","0.8095","280.4024"
"48.6600","0.8097","281.1970"
"48.6800","0.8100","282.0230"
"48.7000","0.8102","282.9149"
"48.7200","0.8105","283.9910"
"48.7400","0.8109","285.2258"
"48.7600","0.8112","286.5731"
"48.7800","0.8116","287.9838"
"48.8000","0.8119","289.2839"
"48.8200","0.8123","290.5466"
"48.8400","0.8126","291.7114"
"48.8600","0.8129","292.8884"
"48.8800","0.8133","294.1785"
"48.9000","0.8136","295.6378"
"48.9200","0.8140","297.2072"
"48.9400","0.8144","298.5683"
"48.9600","0.8147","299.7016"
"48.9800","0.8150","300.7217"
"49.0000","0.8152","301.6645"
"49.0200","0.8155","302.5493"
"49.0400","0.8158","303.4384"
"49.0600","0.8161","304.4597"
"49.0800","0.8165","305.6148"
"49.1000","0.8168","306.9525"
"49.1200","0.8172","308.3862"
"49.1400","0.8176","309.7627"
"49.1600","0.8179","311.0229"
"49.1800","0.8182","312.0506"
"49.2000","0.8185","312.9551"
"49.2200","0.8188","314.1032"
"49.2400","0.8192","315.5700"
"49.2600","0.8196","317.4227"
"49.2800","0.8201","319.2617"
"49.3000","0.8205","320.7900"
"49.3200","0.8208","321.9967"
"49.3400","0.8210","322.9291"
"49.3600","0.8213","323.7228"
"49.3800","0.8215","324.4678"
"49.4000","0.8218","325.1903"
"49.4200","0.8222","325.9104"
"49.4400","0.8225","326.9305"
"49.4600","0.8229","328.2782"
"49.4800","0.8233","329.5328"
"49.5000","0.8236","330.7725"
"49.5200","0.8239","331.9876"
"49.5400","0.8243","333.1134"
"49.5600","0.8246","334.1001"
"49.5800","0.8250","335.1143"
"49.6000","0.8253","335.9096"
"49.6200","0.8257","335.3769"
"49.6400","0.8261","247.0102"
"49.6550","0.8263","118.2862"
"49.6750","0.8266","22.5920"
"49.6950","0.8269","1.9746"
"49.7150","0.8272","7.4932"
"49.7350","0.8275","13.8756"
"49.7550","0.8278","16.3167"
"49.7750","0.8281","16.5026"
"49.7950","0.8285","16.1612"
"49.8150","0.8288","16.0026"
"49.8260","0.8290","15.9944"

